index,flag1,flag2,ori,avel,acce,mp,temp ( Big-Endian )
0,01100000,00000000,0 0.25 0.031433105 0.0044555664,0 0.08111111 0,0 -2.56 9.6,0 0 0,4
0,01100000,00000000,0.0040283203 0.25097656 0.03149414 0,0.44444445 0.14888889 -0.42666668,0.96 -4.96 0,0 0 0,4
0,01100000,00000000,0 0.25 0.03125 0.00012207031,0.0022222223 0.017777778 0.008888889,0.16 -1.28 0,0 0 0,4
0,01100000,00000000,0.00012207031 0.25 0.033081055 0.0043945312,0.07111111 0.0044444446 0.008888889,0.1 -2.56 0,0 0 0,4
0,01100000,00000000,0.00018310547 0.25024414 0.03540039 0,0.0022222223 0.008888889 0,0 -1.28 0.04,0 0 0,4
0,01100000,00000000,0.00024414062 0.21972656 0.00390625 0,-0.062222224 0.01 0,0 0 8.96,0 0 0,4
0,01100000,00000000,0.00024414062 0.21887207 0.00390625 0.00030517578,0 0 0,0 -1.28 0.08,0 0 0,4
0,01100000,00000000,0 0.21881104 0 0,0 0.0022222223 -0.045555554,0.08 -2.54 9,0 0 0,4
0,01100000,00000000,0.00048828125 0.21875 0 0,0 0 0.024444444,0 0 8.98,0 0 0,4
0,01100000,00000000,0.0007324219 0.21881104 0.00024414062 0,0.0044444446 0 0,0 -1.28 0,0 0 0,4
0,01100000,00000000,0.0021972656 0.2197876 0.00018310547 0,0.008888889 0.0011111111 0,0 0.02 9.12,0 0 0,4
8,01100000,00000000,0 0.21875 0 0.00390625,-0.14222223 0 0.008888889,0.02 -1.28 0.02,0 0 0,4
8,01100000,00000000,0.00024414062 0.21887207 0 0.00024414062,-0.14 0.02 0.018888889,1.28 -2.51 8.96,0 0 0,4
0,01100000,00000000,0.0009765625 0.21881104 0 0.00390625,-0.19555555 0 0.0022222223,0 0.08 8.96,0 0 0,4
0,01100000,00000000,0.0010986328 0.21899414 0.00390625 0.00390625,0.017777778 0.0044444446 0,0.04 -1.28 9.12,0 0 0,4
0,01100000,00000000,0 0.21972656 0.0059814453 0,0.0044444446 0 0.04111111,0.06 -1.28 9.08,0 0 0,4
0,01100000,00000000,0.008056641 0.21881104 0.03125 0.0009765625,0 0.035555556 0.08222222,1.32 -2.56 0.04,0 0 0,4
0,01100000,00000000,0 0.21875 0.0009765625 6.1035156E-05,0.008888889 0 0.035555556,0 0 9.04,0 0 0,4
0,01100000,00000000,0 0.21923828 0.03137207 0.0009765625,0.0022222223 0 0.036666665,0.08 -1.28 8.96,0 0 0,4
0,01100000,00000000,0 0.25006104 0.03125 0.00390625,0.0011111111 0.017777778 0.037777778,0 -1.09 8.96,0 0 0,4
0,01100000,00000000,0.0078125 0.25 0.03137207 0,0 0 0.035555556,0.13 -1.28 9.12,0 0 0,4
0,01100000,00000000,0.0029296875 0.25 0.03125 0.00024414062,-0.101111114 0.008888889 0.035555556,0.02 -1.28 0.07,0 0 0,4
0,01100000,00000000,0 0.25 0.031311035 6.1035156E-05,0.0044444446 0 0.026666667,1.28 -2.56 8.96,0 0 0,4
0,01100000,00000000,0.0020141602 0.25 0.032226562 0,0.026666667 0 0.053333335,0 -1.18 9.02,0 0 0,4
0,01100000,00000000,0.00018310547 0.21923828 0.03125 0.001953125,0.07111111 0 0.08888889,0 -1.28 9.16,0 0 0,4
0,01100000,00000000,0.00012207031 0 0.03125 0.0030517578,0.0044444446 -34.133335 -17.921112,0 -2.56 8.96,0 0 0,4
0,01100000,00000000,0 0 0.03137207 0.0030517578,0 -0.07111111 0.008888889,0.01 -1.24 8.96,0 0 0,4
8,01100000,00000000,6.1035156E-05 0 0.031433105 0.0010986328,0.036666665 0.0044444446 0,0 -1.2 8.96,0 0 0,4
8,01100000,00000000,0.0078125 0 0.033081055 6.1035156E-05,0.0022222223 0.036666665 0,0.04 -1.12 8.96,0 0 0,4
0,01100000,00000000,0.008056641 0 0.032226562 0.001953125,0 0.044444446 0,0 0 8.96,0 0 0,4
0,01100000,00000000,0.0012817383 0.00048828125 0.03125 0.00024414062,0 0.017777778 0.07333333,0.02 0 9.28,0 0 0,4
0,01100000,00000000,0.00024414062 0.00012207031 0.03125 0,0.0011111111 0.008888889 0,0 0 9.28,0 0 0,4
32,01100000,00000000,0 0.00012207031 0.03125 0,0.008888889 -0.13333334 0.035555556,0 0 8.96,0 0 0,4
32,01100000,00000000,0.0087890625 0 0.062561035 0,0.017777778 0.008888889 0,0 0 9.29,0 0 0,4
32,01100000,00000000,6.1035156E-05 0 0.0625 0.00048828125,0.017777778 -0.11444444 0,10.26 -2.56 -0.01,0 0 0,4
32,01100000,00000000,0.00390625 6.1035156E-05 0.0625 0.00012207031,-0.044444446 0 0,0.8 0 0,0 0 0,4
32,01100000,00000000,0.0078125 0.28149414 0.0625 0.00012207031,-0.14222223 0.07111111 0,0.08 -1.24 0.16,0 0 0,4
32,01100000,00000000,0 0.28125 0.0625 6.1035156E-05,0.0011111111 0.07111111 0.008888889,0.01 -1.12 8.96,0 0 0,4
32,01100000,00000000,0 0.2816162 0.06286621 0.00061035156,0 0.0011111111 0,0 -1.28 0.16,0 0 0,4
32,01100000,00000000,0 0.28131104 0.0625 0.0010986328,0 -0.07111111 0.01,0 -1.28 0,0 0 0,4
32,01100000,00000000,0 0.28125 0.06567383 0,0.0044444446 -0.064444445 -0.035555556,0.01 -1.28 8.96,0 0 0,4
32,01100000,00000000,0.005859375 0.28125 0.064453125 0,0.035555556 0.0011111111 0.053333335,0 0.08 8.96,0 0 0,4
32,01100000,00000000,6.1035156E-05 0 0.0625 0.0029296875,0 0.035555556 -22.755556,0 -1.25 9.6,0 0 0,4
40,01100000,00000000,0 0 0.064453125 0.00012207031,0.07111111 -0.17777778 0.0011111111,0.04 -1.28 8.96,0 0 0,4
32,01100000,00000000,0 0.25 0.06652832 0.04699707,0.045555554 0 -0.55,0.08 0 7.78,0 0 0,4
33,01100000,00000000,0.00091552734 -0.7498779 0.5626221 0.037597656,0.006666667 0.0011111111 0.04111111,0 -1.92 8.97,0 0 0,5
34,01100000,00000000,0.0009765625 -0.73620605 0.5050049 0.03125,0.09777778 0.10666667 -0.7777778,0.64 0.04 9.49,0 0 0,5
35,01100000,00000000,0.005859375 -0.7474365 0.5 0.033203125,0.0022222223 0.19222222 -0.14222223,0.75 0 9.12,0 0 0,5
48,01100000,00000000,0.032226562 -0.74993896 0.5091553 0.034179688,0.15555556 0.062222224 0.036666665,0.96 -0.52 9.04,0 0 0,5
49,01100000,00000000,0 0 0 0,0.0055555557 0.008888889 0,0.32 -0.57 9.36,0 0 0,5
50,01100000,00000000,0.15783691 0.001953125 0.8066406 0.005859375,0.0022222223 -0.42555556 0.30222222,0.14 0.75 8.36,0 0 0,5
51,01100000,00000000,0.15844727 0 0.80688477 0.0043945312,0.055555556 0 0.008888889,1.37 -2.24 -0.01,0 0 0,5
48,01100000,00000000,0.16113281 -0.5566406 0.01965332 0.004211426,0.12888889 0.14222223 0.09777778,0.8 -0.52 9.31,0 0 0,5
49,01100000,00000000,0.16271973 -0.5571289 0.048095703 0.00048828125,0.16 0.006666667 -0.062222224,0.14 -0.26 8.8,0 0 0,5
50,01100000,00000000,0.1661377 0.0009765625 0.0546875 0.021484375,0.31111112 0.0022222223 0.39333335,0.07 0.04 8.33,0 0 0,5
51,01100000,00000000,0.17285156 0.00024414062 0.058654785 0.00036621094,0.017777778 0.03888889 0.30222222,0 -0.6 0.04,0 0 0,5
56,01100000,00000000,0.2109375 0.0012817383 0.0126953125 0.052734375,0.008888889 -1.1966667 0.075555556,0.03 0.1 8.32,0 0 0,5
1,01100000,00000000,0.3232422 0.0010986328 0.032470703 0.0107421875,0.044444446 -0.052222222 -0.04777778,0.41 1.69 7.72,0 0 0,5
0,01100000,00000000,0.32354736 0.0009765625 0.03161621 0.008911133,0 -0.062222224 0.011111111,0.2 3.04 6.62,0 0 0,5
1,01100000,00000000,0.328125 0.0078125 0.03125 0,-0.035555556 0 0.09888889,0.06 0 7.68,0 0 0,5
4,01100000,00000000,0.328125 0.007873535 0.032714844 0.0005493164,-0.07111111 0.031111112 0,0.02 1.92 7.74,0 0 0,5
5,01100000,00000000,0.328125 0.008605957 0.032226562 0.0020751953,-0.031111112 0.036666665 0.0044444446,0.01 1.12 7.68,0 0 0,4
8,01100000,00000000,0.32287598 0.0087890625 0.03137207 0.0029296875,0.017777778 0.0022222223 0.014444444,0.32 0 7.78,0 0 0,4
9,01100000,00000000,0.32250977 0.0087890625 0.03125 0.011291504,-0.014444444 0.0044444446 0.008888889,0 2.24 7.12,0 0 0,4
0,01100000,00000000,0.32226562 0.009277344 0.033325195 0.01171875,0.06888889 0.018888889 0,0.53 0.11 7.76,0 0 0,4
1,01100000,00000000,0.3203125 0.010253906 0.032226562 0.010925293,0 -0.05888889 0.006666667,0.16 1.76 7.69,0 0 0,4
0,01100000,00000000,0.32086182 0.013305664 0.03326416 0.01184082,0.008888889 0.014444444 0.04,0.28 1.67 8.33,0 0 0,4
1,01100000,00000000,0.3297119 0.00012207031 0.039367676 0.03125,0.046666667 -0.21222222 0.25333333,5.63 0.72 7.76,0 0 0,4
4,01100000,00000000,0.3293457 0.0107421875 0.03326416 0.032714844,0.21555555 -0.21111111 0,0.48 0.07 153.05,0 0 0,4
69,01100001,00000000,0.99383545 0.013305664 0.05126953 0.09741211,-0.04 -0.054444443 0.10888889,0.2 -0.27 9.7,0 0 0,5
70,01100001,00000000,0.99365234 0.016113281 0.050048828 0.099121094,0.06 -0.04111111 0.05111111,0.39 -0.22 9.64,0 0 0,5
71,01100001,00000000,0.9935913 0.018615723 0.04815674 0.10028076,0.013333334 -0.022222223 0.04111111,0.54 -0.05 9.86,0 0 0,5
72,01100001,00000000,0.9935913 0.018981934 0.046325684 0.10107422,-0.05111111 -0.011111111 0.043333333,0.7 0.13 9.84,0 0 0,5
73,01100001,00000000,0.99346924 0.010498047 0.047790527 0.10308838,-0.15777777 0.075555556 0.037777778,0.53 -0.13 9.92,0 0 0,5
74,01100001,00000000,0.9937744 0.0040283203 0.04888916 0.10003662,-0.12555556 0.0011111111 -0.08111111,0.57 -0.02 9.89,0 0 0,5
75,01100001,00000000,0.99450684 0.0031738281 0.04284668 0.095703125,0.2611111 -0.14 -0.16444445,0.66 -0.49 9.53,0 0 0,5
76,01100001,00000000,0.99450684 0 0 -0.015625,-0.05111111 -0.013333334 0.05111111,0.87 -0.54 9.79,0 0 0,5
77,01100001,00000000,0.9942627 0.0045166016 0.03955078 0.09906006,0.06666667 0.0033333334 0.012222222,0.53 -0.29 9.86,0 0 0,5
78,01100001,00000000,0.9941406 0.005493164 0.041137695 0.099853516,-0.0011111111 0.015555556 -0.027777778,0.6 -0.04 9.84,0 0 0,5
79,01100001,00000000,0.9941406 0.0038452148 0.04156494 0.09954834,-0.06555556 0.028888889 -0.11444444,0.12 -0.13 10.13,0 0 0,5
80,01100001,00000000,0.9949341 -0.0067749023 0.03729248 0.09326172,-0.21222222 -0.101111114 -0.13666667,0.7 -0.56 9.76,0 0 0,5
81,01100001,00000000,0.99554443 -0.017150879 0.033813477 0.086364746,-0.14222223 -0.017777778 -0.057777777,0.9 -0.62 9.61,0 0 0,5
82,01100001,00000000,0.99572754 -0.022583008 0.032226562 0.08312988,-0.028888889 -0.02111111 -0.04777778,0.71 -0.96 9.68,0 0 0,5
83,01100001,00000000,0.9957886 -0.023010254 0.030944824 0.08258057,0.0022222223 -0.024444444 0.05666667,0.85 -0.57 9.75,0 0 0,5
84,01100001,00000000,0.9956665 -0.02557373 0.031555176 0.084106445,-0.018888889 0.2 -0.13333334,0.56 -1.03 9.72,0 0 0,5
85,01100001,00000000,0.9956665 -0.028381348 0.035461426 0.08135986,-0.046666667 0.034444444 -0.0033333334,0.74 -0.81 9.77,253 739 1535,5
86,01100001,00000000,0.9956665 -0.02947998 0.036376953 0.079711914,0.025555555 0.015555556 0.0022222223,0.66 -1.1 9.63,0 0 0,5
87,01100001,00000000,0.9957886 -0.02545166 0.038269043 0.07922363,0.05 0.033333335 0.014444444,0.44 -0.71 9.91,0 0 0,5
88,01100001,00000000,0.9957886 -0.024963379 0.040527344 0.07788086,-0.03888889 0.045555554 -0.012222222,0.55 -0.82 9.79,0 0 0,5
89,01100001,00000000,0.9957886 -0.024841309 0.039855957 0.07849121,-0.006666667 -0.05888889 0.02111111,0.74 -0.51 9.91,0 0 0,5
90,01100001,00000000,0.99591064 -0.024108887 0.035827637 0.0791626,-0.04222222 -0.15222222 0.18444444,0.79 -0.51 10.01,0 0 0,5
91,01100001,00000000,0.9953003 -0.027038574 0.0345459 0.08654785,-0.064444445 0.011111111 0.16333333,0.94 -0.7 9.73,0 0 0,5
92,01100001,00000000,0.994751 -0.02935791 0.03881836 0.09033203,-0.026666667 0.12111111 0.03,0.66 -0.82 9.69,0 0 0,5
93,01100001,00000000,0.9941406 -0.03100586 0 -0.015625,-0.045555554 0.16 -0.044444446,0.23 -0.74 9.74,0 0 0,5
94,01100001,00000000,0.99438477 -0.029418945 0.04852295 0.0892334,0.11 0.016666668 -0.06666667,0.47 -0.94 9.6,0 0 0,5
95,01100001,00000000,0.9951172 -0.02532959 0.053833008 0.078552246,0.05111111 0.11111111 -0.27,0.5 -0.32 10.19,0 0 0,5
96,01100001,00000000,0.99505615 -0.026306152 0.06121826 0.07324219,0.09 0.08111111 0.054444443,0.56 -0.94 9.55,0 0 0,5
97,01100001,00000000,0.9949951 -0.021850586 0.064819336 0.07293701,0.036666665 0.26222223 0.016666668,0.68 -0.54 9.71,0 0 0,5
98,01100001,00000000,0.99432373 -0.020996094 0.06951904 0.077819824,0.006666667 -0.08777778 0.11,0.04 -0.62 9.55,0 0 0,5
99,01100001,00000000,0.99438477 -0.019714355 0.06829834 0.07836914,-0.0055555557 0.0011111111 0.017777778,0.24 -0.42 9.91,0 0 0,5
100,01100001,00000000,0.9944458 -0.018859863 0.067993164 0.07745361,0.0044444446 -0.023333333 0,0.04 -0.57 9.79,0 0 0,5
101,01100001,00000000,0.994751 -0.018066406 0.06677246 0.07507324,0.011111111 -0.024444444 -0.0044444446,0.05 -0.71 9.93,0 0 0,5
102,01100001,00000000,0.9949341 -0.017700195 0.06878662 0.070373535,0.014444444 0.06888889 -0.057777777,-0.02 -0.72 9.68,0 5 1535,5
103,01100001,00000000,0.9951172 -0.016174316 0.070739746 0.06640625,0.011111111 0.064444445 -0.11666667,-0.03 -0.45 10.01,0 0 0,5
104,01100001,00000000,0.99505615 -0.018005371 0.07043457 0.06781006,0.0022222223 0.028888889 0.016666668,-0.08 -0.72 9.87,0 0 0,5
105,01100001,00000000,0.9949341 -0.016906738 0.07086182 0.06854248,0.028888889 -0.0055555557 0.0011111111,0.26 -0.31 9.77,0 0 0,5
106,01100001,00000000,0.9951782 -0.015625 0.06390381 0.07281494,0.02111111 -0.29666665 0.23,0.41 -0.38 10.1,0 0 0,5
107,01100001,00000000,0.9944458 -0.022888184 0.059143066 0.083984375,-0.18111111 -0.16666667 0.11777778,-0.17 -0.8 9.92,0 0 0,5
108,01100001,00000000,0.9945679 -0.03314209 0.056762695 0.08026123,-0.053333335 -0.09555556 -0.093333334,-0.01 -0.84 9.46,0 0 0,5
109,01100001,00000000,0.9954834 -0.03137207 0.048828125 0.07519531,0.13222222 -0.28 0.015555556,0.22 -0.78 9.89,0 0 0,5
110,01100001,00000000,0.9959717 -0.024902344 0.033813477 -0.015625,0.027777778 -0.15 0.09777778,0.46 -1.08 9.77,0 0 0,5
111,01100001,00000000,0.99560547 -0.023132324 0.02319336 0.087402344,0.0011111111 -0.27888888 0.20111111,0.78 -0.58 9.69,0 0 0,5
112,01100001,00000000,0.9954834 -0.013549805 0.015014648 0.09234619,0.35222223 0.022222223 0.006666667,1.39 0.88 9.41,0 0 0,5
113,01100001,00000000,0.9958496 0.0017089844 0.022094727 0.08807373,0.09222222 0.107777774 -0.33,0.42 -0.05 10.31,0 0 0,5
114,01100001,00000000,0.99871826 0.0010986328 0.019042969 0.04638672,-0.07444444 0.14666666 -0.8833333,1.36 1.95 10.29,0 0 0,5
115,01100001,00000000,0.9995117 -0.008117676 0.024475098 -0.015808105,-0.2188889 -0.006666667 -1.3888888,-0.07 -0.8 9.7,0 0 0,5
116,01100001,00000000,0.9942627 -0.021972656 0.022033691 -0.10217285,-0.07111111 0.057777777 -1.5777777,2.97 0.28 9.51,0 0 0,5
117,01100001,00000000,0.980896 -0.026489258 0.031188965 -0.19030762,0.0033333334 0.31444445 -1.7033334,0.18 -0.23 10.31,0 0 0,5
118,01100001,00000000,0.9537964 -0.0390625 0.029663086 -0.29638672,-0.20555556 -0.023333333 -2.0366666,1.11 -0.44 9.26,0 0 0,5
119,01100001,00000000,0.91815186 -0.048461914 0.018493652 -0.3927002,-0.0055555557 0.0033333334 -1.6222222,2.37 -1.23 9.47,0 0 255,5
120,01100001,00000000,0.8907471 -0.06237793 0.006164551 -0.45013428,0.052222222 -0.13777778 -0.76111114,2.34 -1.74 9.68,0 0 0,5
121,01100001,00000000,0.8831787 -0.062561035 0.0026855469 -0.46472168,0.09555556 0.16777778 0.03,2 -0.41 9.95,0 0 0,5
122,01100001,00000000,0.89001465 -0.06097412 0.0061035156 -0.45178223,-0.015555556 0.11888889 0.35777777,1.25 -0.57 9.49,0 0 0,5
123,01100001,00000000,0.9042969 -0.05859375 0.012023926 -0.42260742,0.06888889 0.1388889 0.6755555,1.08 -0.73 9.73,0 0 0,5
124,01100001,00000000,0.92285156 -0.0657959 0.029174805 -0.3782959,-0.41333333 0.19444445 1.0144445,1 -0.53 10.19,0 0 0,5
125,01100001,00000000,0.9454956 -0.07458496 0.05230713 -0.3125,-0.17333333 0.3588889 1.3666667,1.06 -0.97 9.8,0 0 0,5
126,01100001,00000000,0.96777344 -0.08239746 0.06921387 -0.2276001,-0.33222222 -0.13111112 1.34,-0.2 -1.59 9.32,0 0 0,5
127,01100001,00000000,0.9819336 -0.089660645 0.06616211 -0.152771,-0.20333333 -0.30444443 1.27,0.28 -1.14 9.88,0 0 0,5
128,01100001,00000000,0.9891968 -0.101623535 0.05444336 -0.090270996,-0.43222222 -0.7088889 0.8877778,0.02 -0.64 10.29,0 0 0,5
129,01100001,00000000,0.9920654 -0.10974121 0.040771484 -0.045288086,0.06 -0.13777778 0.62333333,0.47 -1.36 9.55,0 0 0,5
130,01100001,00000000,0.9938965 -0.101257324 0.038635254 -0.017150879,0.10222222 -0.11 0.40111113,0.68 -1 9.34,0 0 0,5
131,01100001,00000000,0.994812 -0.094177246 0.037963867 -0.0052490234,0.115555555 -0.0044444446 0.057777777,0.24 -1.62 9.67,0 0 0,5
132,01100001,00000000,0.99572754 -0.08239746 0.040039062 -0.007019043,0.13444445 -0.008888889 -0.05666667,0.58 -1.31 10.12,0 0 0,5
133,01100001,00000000,0.9960327 -0.07775879 0.04034424 -0.0107421875,-0.016666668 -0.012222222 -0.036666665,0.74 -0.99 9.98,0 0 0,5
134,01100001,00000000,0.9963379 -0.07647705 0.036499023 -0.012878418,0.022222223 -0.03 0.006666667,0.55 -1.32 9.68,0 0 0,5
135,01100001,00000000,0.9954834 -0.084228516 0.041625977 -0.015380859,-0.39777777 0.14777778 -0.04,0.16 -2.06 9.13,0 0 0,5
136,01100001,00000000,0.99591064 -0.07788086 0.031677246 -0.031555176,0.41222224 -0.06666667 -0.28444445,1.36 -1.14 10.76,0 0 0,5
137,01100001,00000000,0.9961548 -0.068237305 0.038391113 -0.03765869,-0.11888889 0.3588889 -0.035555556,0.42 -0.05 9.24,0 0 0,5
138,01100001,00000000,0.9946289 -0.080322266 0.048828125 -0.043518066,0.29555556 -0.49222222 -0.18555556,0.23 -1.25 10.72,0 0 0,5
139,01100001,00000000,0.9974365 -0.051696777 0.023864746 -0.043518066,0.24333334 -0.41 0.13111112,0.28 -0.2 10.44,0 0 0,5
140,01100001,00000000,0.9959717 -0.07055664 0.027404785 -0.04852295,-0.3122222 0.04111111 -0.19222222,1.73 -0.33 8.58,0 0 0,5
141,01100001,00000000,0.996521 -0.06585693 0.023254395 -0.04437256,0.25666666 0.19888888 0.06333333,0.08 -1.84 10.6,0 0 0,5
142,01100001,00000000,0.9974365 -0.056884766 0.022399902 -0.03692627,0.03888889 0.03888889 0.12555556,0.63 -0.3 8.8,0 0 0,5
143,01100001,00000000,0.9980469 -0.051330566 0.016418457 -0.030334473,0.08777778 -0.15333334 -0.06888889,0.98 -2.04 9.65,0 0 0,5
144,01100001,00000000,0.9981079 -0.038635254 0.003540039 -0.048217773,-0.064444445 0.35 -0.18,2.66 0.65 10.56,0 0 0,5
145,01100001,00000000,0.9961548 -0.049743652 0.01977539 -0.06945801,-0.2777778 0.16111112 -0.4511111,1.66 0 9.42,0 0 0,5
146,01100001,00000000,0.9925537 -0.070129395 0.028747559 -0.09484863,-0.25666666 0.15888889 -0.5477778,2.25 -0.9 8.04,0 0 0,5
147,01100001,00000000,0.9876709 -0.08428955 0.019165039 -0.13043213,0.0033333334 -0.2777778 -0.30555555,2.28 -0.24 10.24,0 0 0,5
148,01100001,00000000,0.98638916 -0.0625 0.031982422 -0.14880371,0.26444444 0.31 -0.21777777,-0.85 -2.27 11.05,0 0 0,5
149,01100001,00000000,0.9871826 -0.04937744 0.0045166016 -0.15136719,0.19777778 -0.34777778 0.22888888,1.68 -0.34 10.29,0 0 0,5
150,01100001,00000000,0.9916992 -0.055541992 -0.002319336 -0.1159668,-0.11888889 -0.21777777 0.89111114,1.76 -1.74 8.26,0 0 0,5
151,01100001,00000000,0.99731445 -0.056884766 -0.008178711 -0.04425049,0.12111111 -0.17222223 1.48,1.2 -0.73 8.54,0 0 0,5
152,01100001,00000000,0.99694824 -0.055358887 -0.014221191 0.052856445,-0.012222222 -0.49 1.6455555,2.03 -2.18 10.01,0 0 0,5
153,01100001,00000000,0.9845581 -0.032287598 -0.029724121 0.123046875,0.45333335 2.2755556 33.84778,2.33 -0.33 11.15,0 0 0,5
154,01100001,00000000,0.98254395 -0.005065918 -0.057250977 0.17675781,0.21 -0.01 0.8233333,1.65 0.15 10.86,0 0 0,5
155,01100001,00000000,0.9793701 -0.014953613 -0.047729492 0.19573975,-0.24111111 0.34777778 -0.06666667,2.13 -0.88 8.94,0 0 0,5
156,01100001,00000000,0.9840698 -0.036254883 -0.025146484 0.17224121,-0.29222223 0.42666668 -0.48666668,2.38 -0.36 9.28,0 0 0,5
157,01100001,00000000,0.9907837 -0.05810547 0.0072021484 0.12200928,-0.39555556 0.79 -1.1377778,0.18 -2.49 9.72,0 0 0,5
158,01100001,00000000,0.9956665 -0.083984375 0.019836426 0.035217285,-0.39 -0.02111111 -1.0688889,1.84 -0.63 9.84,0 0 0,5
159,01100001,00000000,0.9959717 -0.08898926 0.009277344 -0.0007324219,0.20555556 -0.093333334 -0.30888888,0.97 -2.08 9.89,0 0 0,5
160,01100001,00000000,0.9951172 -0.09436035 0.015625 -0.024108887,-0.30222222 -0.09777778 -0.36666667,0.54 -2.62 9.12,0 0 0,5
161,01100001,00000000,0.99279785 -0.107788086 0.028747559 -0.042785645,-0.20888889 0.52111113 -0.23888889,0.52 -2.85 9.34,0 0 0,5
162,01100001,00000000,0.9909668 -0.11682129 0.045776367 -0.046936035,-0.22222222 0.3311111 0.011111111,305.2 -0.01 -0.01,0 0 0,5
163,01100001,00000000,0.99053955 -0.11010742 0.068603516 -0.043029785,0.3122222 0.13777778 0.006666667,-0.68 -2.44 10.42,0 0 0,5
164,01100001,00000000,0.9915161 -0.101989746 0.063964844 -0.048339844,0.0022222223 -0.17555556 0.094444446,0.94 -1.96 9.7,0 0 0,5
165,01100001,00000000,0.99102783 -0.10284424 0.07336426 -0.04284668,-0.10333333 0.19 0.1388889,-0.72 -2.99 9.45,0 0 0,5
166,01100001,00000000,0.9904785 -0.1083374 0.07543945 -0.039916992,-0.04111111 -0.02111111 0.07,0.52 -2.52 9.36,0 0 0,5
167,01100001,00000000,0.9902344 -0.10687256 0.083496094 -0.032470703,0.027777778 0.07444444 0.18,-0.26 -2.41 9.34,0 0 0,5
168,01100001,00000000,0.9906616 -0.09844971 0.08959961 -0.028747559,0.20666666 0.18 -0.017777778,-0.27 -1.69 9.48,0 0 0,5
169,01100001,00000000,0.9904175 -0.09387207 0.095947266 -0.031799316,0.014444444 0 -0.053333335,-0.85 -1.79 9.7,0 0 0,5
170,01100001,00000000,0.9844971 -0.0949707 0.09875488 -0.036865234,0.07666667 0.035555556 -7.112222,-0.55 -2.01 9.21,0 0 0,5
171,01100001,00000000,0.9909668 -0.07891846 0.09863281 -0.043945312,0.3311111 0.02111111 -0.115555555,-0.64 -1.55 9.68,0 0 0,5
172,01100001,00000000,0.9918823 -0.06225586 0.09844971 -0.05126953,0.17666666 -0.02 -0.014444444,-0.59 -1.1 9.87,0 0 0,5
173,01100001,00000000,0.9926758 -0.057861328 0.09265137 -0.050598145,0.09555556 -0.086666666 -0.08,-0.66 -1.19 9.87,0 0 0,5
174,01100001,00000000,0.993103 -0.05621338 0.08843994 -0.05218506,0.04 -0.057777777 -0.0044444446,-0.43 -1.27 9.8,0 0 0,5
175,01100001,00000000,0.9935303 -0.050109863 0.08782959 -0.051940918,0.11777778 -0.023333333 -0.0033333334,-0.4 -0.97 9.82,0 0 0,5
176,01100001,00000000,0.9942627 -0.047729492 0.08477783 -0.0446167,-0.01 -0.14 0.22555555,-0.28 -0.42 9.97,0 0 0,5
177,01100001,00000000,0.9942627 -0.051330566 0.083862305 -0.040649414,-0.08222222 -0.0044444446 -0.0033333334,-0.37 -0.82 9.88,0 0 0,5
178,01100001,00000000,0.9944458 -0.051818848 0.08129883 -0.04071045,0.107777774 -0.04111111 -0.028888889,-0.31 -1.19 9.55,0 0 0,5
179,01100001,00000000,0.99468994 -0.046203613 0.08148193 -0.041137695,0.04777778 -0.045555554 0.016666668,-0.21 -0.81 -0.01,0 0 0,5
180,01100001,00000000,0.9951172 -0.043640137 0.07928467 -0.03955078,0.027777778 0.03888889 0.0022222223,-0.13 -0.93 9.84,0 0 0,5
181,01100001,00000000,0.9953613 -0.039733887 0.07867432 -0.03753662,0.017777778 -0.0011111111 0.035555556,-0.17 -0.76 9.9,0 0 0,5
182,01100001,00000000,0.9954834 -0.037841797 0.07836914 -0.03778076,0.04 0.034444444 -0.014444444,-0.14 -0.56 9.89,0 0 0,5
183,01100001,00000000,0.99542236 -0.036315918 0.079589844 -0.03741455,0.0044444446 0.064444445 0.007777778,-0.25 -0.65 9.85,0 0 0,5
184,01100001,00000000,0.99542236 -0.035949707 0.0803833 -0.036743164,0.023333333 -0.07666667 -0.012222222,-0.25 -0.92 9.75,0 0 0,5
185,01100001,00000000,0.99560547 -0.03338623 0.07879639 -0.037231445,0.05888889 0.033333335 0.015555556,0.05 -0.39 9.82,0 0 0,5
186,01100001,00000000,0.99560547 -0.032592773 0.080078125 -0.03479004,-0.07666667 0.012222222 0.025555555,-0.24 -0.29 10.18,0 0 0,5
187,01100001,00000000,0.9845581 -0.039733887 0.07928467 -0.030273438,-0.028888889 -0.057777777 0.014444444,-0.34 -1.52 9.52,0 0 0,5
188,01100001,00000000,0.9956665 -0.039733887 0.07739258 -0.032226562,0.014444444 -0.06888889 -0.046666667,0.07 -0.67 9.73,0 0 0,5
189,01100001,00000000,0.9958496 -0.03942871 0.07543945 -0.032592773,-0.026666667 -0.006666667 0.012222222,0.02 -0.82 9.99,0 0 0,5
190,01100001,00000000,0.99572754 -0.04119873 0.075683594 -0.032714844,-0.04222222 0.06111111 -0.025555555,-0.14 -0.91 9.66,0 0 0,5
191,01100001,00000000,0.9956665 -0.040161133 0.07623291 -0.03326416,0.033333335 0.0055555557 -0.023333333,-0.05 -0.76 9.84,0 0 0,5
192,01100001,00000000,0.99572754 -0.03918457 0.07598877 -0.034301758,0.014444444 0.024444444 -0.023333333,-0.1 -0.8 9.93,0 0 0,5
193,01100001,00000000,0.9956665 -0.03857422 0.076538086 -0.035888672,0.034444444 -0.043333333 0.0044444446,0.04 -0.62 9.76,0 0 0,5
194,01100001,00000000,0.99560547 -0.037231445 0.0769043 -0.037841797,0.015555556 0.017777778 -0.02111111,-0.01 -0.71 9.83,0 0 0,5
195,01100001,00000000,0.99560547 -0.036071777 0.07672119 -0.038635254,-0.0044444446 0.017777778 -0.012222222,-0.06 -0.76 9.92,0 0 0,5
196,01100001,00000000,0.9956665 -0.036010742 0.076171875 -0.0390625,0.015555556 0.028888889 -0.0055555557,0.02 -0.77 319.4,0 0 0,5
197,01100001,00000000,0.9958496 -0.035705566 0.073791504 -0.038146973,-0.036666665 -0.08777778 0.026666667,0.19 -0.87 9.92,0 0 0,5
198,01100001,00000000,0.9960327 -0.036010742 0.07342529 -0.03363037,-0.016666668 0.055555556 0.06888889,-0.21 -0.66 9.98,0 0 0,5
199,01100001,00000000,0.99572754 -0.036865234 0.078125 -0.03302002,-0.032222223 -0.053333335 -0.04222222,-0.37 -0.8 9.81,0 0 0,5
200,01100001,00000000,0.99572754 -0.03857422 0.075805664 -0.035461426,-0.03 -0.02 0.008888889,0.23 -0.7 9.64,0 0 0,5
201,01100001,00000000,0.9956665 -0.038085938 0.07696533 -0.0357666,0.032222223 0 -0.052222222,-0.15 -0.81 9.89,0 0 0,5
202,01100001,00000000,0.99542236 -0.036376953 0.07879639 -0.03869629,0.022222223 0 -0.04,0.04 -0.5 9.95,0 0 0,5
203,01100001,00000000,0.9953613 -0.03704834 0.0791626 -0.039855957,-0.0011111111 0.012222222 -0.036666665,-0.1 -0.84 9.74,0 0 0,5
204,01100001,00000000,0.9951782 0 0 -0.015625,-0.0044444446 -0.053333335 -0.04,-0.06 -1.01 9.71,0 0 0,5
205,01100010,00000000,0.9951782 -0.039794922 0.07849121 -0.042419434,-0.016666668 -0.033333335 -0.006666667,-0.04 -0.92 9.76,0 0 0,5
206,01100010,00000000,0.9953613 -0.03741455 0.074401855 -0.04815674,0.23111111 -0.46666667 -0.14666666,-3.18 1.35 8.5,0 0 0,5
207,01100010,00000000,0.9958496 -0.034729004 0.070739746 -0.046081543,-0.12222222 0.22444445 -0.16666667,0.61 -0.53 9.22,0 0 0,5
208,01100010,00000000,0.9956665 -0.03466797 0.07354736 -0.045166016,0.07666667 -0.086666666 0.24444444,-0.51 -1.58 10.25,0 0 0,5
209,01100010,00000000,0.9963989 -0.029663086 0.06915283 -0.038757324,0.21777777 -0.1 0.20555556,0.62 -1.88 10.97,0 0 0,5
210,01100010,00000000,0.9961548 -0.029052734 0.074157715 -0.0368042,-0.064444445 0.2777778 -0.014444444,0.4 -0.07 9.57,0 0 0,5
211,01100010,00000000,0.9959717 -0.02911377 0.076049805 -0.037231445,0.033333335 -0.03 0.007777778,0.44 0.87 9.23,0 0 0,5
212,01100010,00000000,0.9959717 -0.030761719 0.0758667 -0.0368042,-0.057777777 -0.0055555557 -0.022222223,-0.64 -1.43 10.25,0 0 0,5
213,01100010,00000000,0.99591064 -0.031677246 0.07611084 -0.035888672,-0.10555556 0.08777778 0.036666665,0.35 0.37 9.12,73 1078 -1,5
214,01100010,00000000,0.99560547 -0.034973145 0.07922363 -0.03503418,-0.15444444 0.052222222 0.057777777,0.71 0.77 9.4,0 0 0,5
215,01100010,00000000,0.9956665 -0.036254883 0.07885742 -0.033203125,-0.0044444446 -0.04777778 0.08555555,-0.35 -2.07 10.51,0 0 0,5
216,01100010,00000000,0.99572754 -0.03491211 0.07897949 -0.032287598,0.031111112 0.03 0.012222222,0.35 1.08 8.68,0 0 0,5
217,01100010,00000000,0.9956665 -0.035705566 0.080566406 -0.029296875,-0.04777778 0.075555556 0.12777779,0.65 0.11 9.17,0 0 0,5
218,01100010,00000000,0.99572754 -0.035583496 0.08074951 -0.026489258,-0.07111111 -0.05666667 0.16888888,-1.15 -0.92 10.1,0 0 0,5
219,01100010,00000000,0.9960327 -0.03527832 0.078430176 -0.023071289,0.12 -0.15333334 0.104444444,-1.01 -1.33 8.9,0 0 0,5
220,01100010,00000000,0.99676514 -0.030578613 0.071777344 -0.016967773,0.096666664 -0.29 0.28111112,0.41 0.37 9.34,0 0 0,5
221,01100010,00000000,0.9972534 -0.028442383 0 -0.015625,0.13777778 -0.17 0.14777778,-0.41 -1.88 9.88,0 0 0,5
222,01100010,00000000,0.99780273 -0.022583008 0.061767578 -0.010253906,0.23222223 -0.19555555 0.09111111,0.09 -0.96 9.22,0 0 0,5
223,01100010,00000000,0.99816895 -0.016784668 0.05731201 -0.0048217773,0.26555556 -0.19333333 0.32222223,0.13 -0.3 8.65,0 0 0,5
224,01100010,00000000,0.9985962 -0.008117676 0.051635742 0.0073242188,0.22666667 -0.20444444 0.46666667,-0.28 0.49 9.57,0 0 0,5
225,01100010,00000000,0.9986572 -0.0031738281 0.049194336 0.015808105,0.29666665 -0.14 0.30555555,-0.53 -1.57 9.52,0 0 0,5
226,01100010,00000000,0.9985962 0.0048828125 0.046691895 0.023071289,0.23222223 -0.015555556 0.32,-0.02 -0.7 9.8,0 0 0,5
227,01100010,00000000,0.9984741 0.010070801 0.045288086 0.029541016,0.2588889 -0.14 0.24555555,0.27 -0.7 9.82,0 0 0,5
228,01100010,00000000,0.9984131 0.01776123 0.039123535 0.03515625,0.19111112 -0.27 0.15555556,0.86 -0.2 10.8,0 0 0,5
229,01100010,00000000,0.9984131 0.02154541 0.029174805 0.04248047,0.12888889 -0.39666668 0.3911111,2.4 -0.56 10.22,0 0 0,5
230,01100010,00000000,0.99798584 0.026123047 0.021728516 0.053100586,0.14777778 -0.29 0.42222223,2.01 -0.33 10.32,0 201 2047,5
231,01100010,00000000,0.9974365 0.02935791 0.013122559 0.06451416,0.045555554 -0.42666668 0.5888889,1.93 0.87 9.85,0 0 0,5
232,01100010,00000000,0.9962158 0.03161621 0.0015258789 0.08074951,0.052222222 -0.38444445 0.55,2.67 -0.73 9.6,0 0 0,5
233,01100010,00000000,0.9953003 0.034484863 -0.005065918 0.09033203,0.13666667 -0.24444444 0.33333334,2.89 -0.69 10,0 0 0,5
234,01100010,00000000,0.99450684 0.040161133 -0.010620117 0.096191406,0.2488889 -0.22222222 0.2211111,3.33 0.15 9.94,0 0 0,5
235,01100010,00000000,0.99334717 0.05126953 -0.012329102 0.10205078,0.39666668 -0.083333336 0.19777778,2.46 1.07 10.39,0 0 0,5
236,01100010,00000000,0.9920044 0.062927246 -0.018066406 0.10821533,0.47444445 -0.2888889 0.2888889,3.02 0.39 10.29,0 0 0,5
237,01100010,00000000,0.9904785 0.07110596 -0.0256958 0.11480713,0.35444444 -0.51666665 0.26777777,2.9 -0.32 9.61,0 0 0,5
238,01100010,00000000,0.9887085 0.08093262 -0.032104492 -0.015625,0.33 -0.0044444446 0.23,3.21 0.28 8.96,0 0 0,5
239,01100010,00000000,0.9873657 0.09106445 -0.030944824 0.12579346,0.39333335 -0.11 0.15888889,2.17 1.33 9.63,0 0 0,5
240,01100010,00000000,0.9847412 0.10192871 -0.04498291 0.13360596,0.4 -0.7355555 0.39,2.5 0.39 9.66,0 0 0,5
241,01100010,00000000,0.9829712 0.10870361 -0.057495117 0.13659668,0.10333333 -0.42777777 0.09,2.82 0.86 7.94,0 0 0,5
242,01100010,00000000,0.98065186 0.1159668 -0.06994629 0.14123535,0.30222222 -0.75777775 0.3288889,2.7 1.03 8.64,0 0 0,5
243,01100010,00000000,0.97784424 0.122802734 -0.09307861 0.14147949,-0.05 -0.7722222 0.0055555557,2.09 1.59 10.55,0 0 0,5
244,01100010,00000000,0.9744873 0.12689209 -0.121398926 0.13952637,0.11111111 -1.4366666 0.08444444,2.13 1.72 8.35,0 0 0,5
245,01100010,00000000,0.96954346 0.13458252 -0.14978027 0.13916016,0.16222222 -1.0144445 0.15888889,3.4 1.58 7.2,0 0 0,5
246,01100010,00000000,0.96466064 0.14367676 -0.17272949 0.13739014,0.4722222 -1.2677778 0.031111112,3.7 1.65 9.78,0 0 0,5
247,01100010,00000000,0.9522095 0.15985107 -0.21466064 0.14691162,0.34555554 -1.5455556 0.56,4.85 3.72 8.35,0 0 255,5
248,01100010,00000000,0.9473877 0.16564941 -0.23431396 0.14178467,0.05666667 -0.61 -0.11444444,5.69 4.01 6.62,0 0 0,5
249,01100010,00000000,0.94799805 0.16345215 -0.23529053 0.1385498,-0.16777778 0.23444444 -0.083333336,5.96 3.33 6.15,0 0 0,5
250,01100010,00000000,0.9483032 0.16009521 -0.23187256 0.14575195,-0.18666667 0.3 0.31111112,4.48 1.37 8.45,0 0 0,5
251,01100010,00000000,0.94921875 0.15270996 -0.22833252 0.15332031,-0.096666664 0.14666666 0.3511111,6.34 1.36 7.96,0 0 0,5
252,01100010,00000000,0.9505005 0.14758301 -0.2267456 0.15264893,-0.29 -0.025555555 0,4.84 2.23 8.11,0 0 0,5
253,01100010,00000000,0.9495239 0.14196777 -0.23638916 0.14959717,-0.29555556 -0.44111112 0.04111111,7.05 1.49 7.47,0 0 0,5
254,01100010,00000000,0.95092773 0.13275146 -0.24407959 0.1359253,-0.7177778 -0.27555555 -0.3911111,7.07 2.07 7.49,0 0 0,5
255,01100010,00000000,0.95062256 0.115234375 -0.25073242 0.1418457,-0.5277778 0.044444446 0.45444444,6.65 2.24 7.95,0 0 0,5
0,01100010,00000000,0.94873047 0.10131836 -0.25793457 0.15185547,-0.5 -0.27 0.56666666,4.94 1.4 7.68,0 0 0,5
1,01100010,00000000,0.94525146 0.090270996 -0.27368164 0.15283203,-0.33333334 -0.64555556 0.15444444,6.52 -0.48 8.16,0 0 0,5
2,01100010,00000000,0.9390259 0.09210205 -0.29248047 0.15551758,0.24 -1.0455556 0.3511111,7.9 -0.62 8.63,0 0 0,5
3,01100010,00000000,0.9310303 0.09643555 -0.315979 0.15490723,-0.043333333 -0.69777775 -0.094444446,6.39 0.51 5.67,0 0 0,5
4,01100010,00000000,0.93029785 0.0925293 -0.32226562 0.14855957,-0.20555556 -0.25666666 0.02,7.28 -1.48 6.79,0 0 0,5
5,01100010,00000000,0.9290161 0.09313965 -0.32733154 0.1451416,-0.107777774 -0.11333334 -0.36555555,6.87 -0.85 6.75,0 0 0,5
6,01100010,00000000,0.9324341 0.09643555 -0.32287598 0.13043213,0.15444444 0.16111112 -0.53333336,7.27 -1.68 7.37,0 0 0,5
7,01100010,00000000,0.93408203 0.10571289 -0.31500244 0.1305542,0.37444445 0.29222223 0.008888889,8.35 -0.74 6.79,0 0 0,5
8,01100010,00000000,0.9332886 0.11437988 -0.31048584 0.13909912,0.45666668 0.083333336 0.19777778,7.23 1.26 7.42,0 0 0,5
9,01100010,00000000,0.9324341 0.12384033 -0.30828857 0.14178467,0.30555555 -0.09888889 -0.027777778,6.06 1.41 8.67,0 0 0,5
10,01100010,00000000,0.9300537 0.13226318 -0.30950928 0.14691162,0.5144445 -0.16222222 0.26222223,5.73 0.41 8.03,0 0 0,5
11,01100010,00000000,0.92297363 0.13983154 -0.3168335 0.16766357,0.4588889 -0.2588889 0.86,7.2 0.46 7.09,0 0 0,5
12,01100010,00000000,0.9179077 0.14239502 -0.32281494 0.18139648,0.094444446 -0.12 0.24555555,7.42 0.98 5.66,0 0 0,5
13,01100010,00000000,0.91638184 0.140625 -0.32470703 0.18719482,-0.15333334 -0.064444445 0.23333333,6.95 1.09 6.51,0 0 0,5
14,01100010,00000000,0.91345215 0.13098145 -0.33093262 0.19714355,-0.24333334 -0.18222222 1.0144445,6.72 0.07 5.8,0 0 0,5
15,01100010,00000000,0.9078369 0.122680664 -0.33410645 0.22174072,0.35555556 0.032222223 0.92777777,7.53 -1.6 7.23,0 0 0,5
16,01100010,00000000,0.90911865 0.120910645 -0.32946777 0.22424316,-0.12888889 0.18666667 -0.017777778,6.32 0.03 6.71,0 0 0,5
17,01100010,00000000,0.91412354 0.1081543 -0.32659912 0.21417236,-0.64555556 0.24666667 -0.16666667,1.61 -2.56 6.75,0 0 0,5
18,01100010,00000000,0.9142456 0.09954834 -0.32788086 0.21594238,-0.31777778 -0.093333334 0.24,6.26 -0.14 7.31,0 0 0,5
19,01100010,00000000,0.9122925 0.08618164 -0.33538818 0.21850586,-0.4788889 -0.15222222 0.2488889,6.45 -0.02 7.82,0 0 0,5
20,01100010,00000000,0.90948486 0.07550049 -0.3482666 0.21380615,-0.5777778 -0.54 0.037777778,8.56 -1.04 5.52,0 0 0,5
21,01100010,00000000,0.91223145 0.070495605 -0.35125732 0.1984253,-0.50666666 0.01 -0.81,7.93 -0.97 6.69,0 0 0,5
22,01100010,00000000,0.9165039 0.06604004 -0.3546753 0.17242432,-0.3611111 0.0033333334 -0.9088889,7.84 -2.41 5.39,0 0 0,5
23,01100010,00000000,0.9157715 0.07458496 -0.35699463 0.16815186,0.33 -0.19444445 -0.078888886,6.58 -0.91 6.04,0 0 0,5
24,01100010,00000000,0.914917 0.08770752 -0.35723877 0.16601562,0.42333335 -0.04111111 -0.48,7.12 -0.04 5.08,0 0 0,5
25,01100010,00000000,0.9063721 0.09692383 -0.35968018 0.16894531,0.38111112 -0.56666666 -30.721111,8.22 -0.57 6.3,0 0 0,5
26,01100010,00000000,0.9074707 0.099487305 -0.36639404 0.17956543,0.33666667 -0.3077778 0.46333334,8.18 -1.73 5.91,0 0 0,5
27,01100010,00000000,0.90130615 0.109191895 -0.37304688 0.19104004,0.37555555 -0.25444445 0.31555554,8.36 0.55 4.53,0 0 0,5
28,01100010,00000000,0.89068604 0.122924805 -0.38305664 0.21148682,0.99666667 -0.6933333 0.7277778,9.69 -0.23 6,0 0 0,5
29,01100010,00000000,0.8793335 0.13446045 -0.39141846 0.2354126,0.5144445 -0.25111112 0.8155556,7.89 -0.22 4.82,0 0 0,5
30,01100010,00000000,0.8751221 0.13812256 -0.3939209 0.24456787,0.15666667 -0.15555556 0.025555555,7.92 -0.47 5.11,0 0 0,5
31,01100010,00000000,0.8748779 0.13946533 -0.39160156 0.24835205,0.15222222 0.14555556 0.21,8.36 0.4 5.18,0 0 0,5
32,01100010,00000000,0.8675537 0.14501953 -0.38806152 0.27526855,0.88555557 0.13666667 0.96555555,8.03 -0.76 6.43,0 0 0,5
33,01100010,00000000,0.8612671 0.15588379 -0.38171387 0.29693604,0.7888889 0.12555556 0.53444445,6.53 0.17 5.95,0 0 0,5
34,01100010,00000000,0.8516846 0.16882324 -0.38061523 0.31817627,0.7733333 -0.24666667 0.5822222,34.6 -2.54 -0.01,0 0 0,5
35,01100010,00000000,0.84191895 0.17816162 -0.38757324 0.33044434,0.39333335 -0.42333335 0.4811111,7.38 -0.62 6.37,0 0 0,5
36,01100010,00000000,0.8297119 0.19451904 -0.39367676 0.34454346,0.9011111 -0.56222224 0.60444444,7.09 0.22 4.93,0 0 0,5
37,01100010,00000000,0.8173218 0.20635986 -0.39898682 0.36071777,0.60333335 -0.38777778 0.52555555,7.3 -0.28 5.25,0 0 0,5
38,01100010,00000000,0.8102417 0.2177124 -0.40179443 0.36694336,0.38111112 -0.21666667 -0.06888889,9.98 0.33 5.62,0 0 0,5
39,01100010,00000000,0.80529785 0.22650146 -0.4020996 0.37213135,0.6311111 -0.18666667 0.17333333,8.91 -1.09 5.93,0 0 0,5
40,01100010,00000000,0.8039551 0.23620605 -0.3988037 0.3723755,0.03 0.08888889 -0.34777778,8.3 0.55 5.23,0 0 0,5
41,01100010,00000000,0.80340576 0.24285889 -0.39404297 0.37457275,0.49555555 -0.09111111 0.09111111,7.43 0.93 6.2,0 0 0,5
42,01100010,00000000,0.78125 0.25097656 -0.39471436 0.38970947,0.56222224 -0.11444444 -7.3955555,7.3 0 6.36,0 0 0,5
43,01100010,00000000,0.7807007 0.25915527 -0.39630127 0.4076538,0.6388889 -0.21444444 0.7211111,8.62 -0.05 5.29,0 0 0,5
44,01100010,00000000,0.76641846 0.2779541 -0.39367676 0.42456055,1.2288889 -0.20444444 0.29333332,9.21 1.01 4.3,0 0 0,5
45,01100010,00000000,0.7583008 0.2966919 -0.3894043 0.43041992,0.83444446 -0.1711111 -0.3288889,9.66 0 5.79,0 0 0,5
46,01100010,00000000,0.74884033 0.32037354 -0.37841797 0.43963623,1.0544444 0.014444444 0.13111112,5.82 2.86 2.47,0 0 0,5
47,01100010,00000000,0.7371826 0.3307495 -0.3703003 0.45812988,1.1744444 0.09777778 0.55,7.32 0.61 2.71,0 0 0,5
48,01100010,00000000,0.727478 0.33892822 -0.35437012 0.47979736,0.48 0.6477778 0.13666667,7.29 0.1 4.38,0 0 0,5
49,01100010,00000000,0.7244873 0.3408203 -0.33337402 0.4977417,0.7355555 0.98777777 0.4788889,5.32 2.33 2.85,0 0 0,5
50,01100010,00000000,0.7227173 0.33636475 -0.30773926 0.5194092,0.8811111 0.8233333 0.101111114,9.29 0 5.78,0 0 0,5
51,01100010,00000000,0.7080078 0.35479736 -0.28125 0.54193115,2.0233333 0.39666668 0.78444445,9.93 -1.44 -0.01,0 0 0,5
52,01100010,00000000,0.6813965 0.40594482 -0.2532959 0.553772,2.9177778 -0.82222223 -0.60888886,10.66 3.65 3.02,0 0 0,5
53,01100010,00000000,0.6588745 0.4473877 -0.23040771 0.55908203,2.4666667 -0.4211111 0.28555554,11.95 3.43 7.6,0 0 0,5
54,01100010,00000000,0.62042236 0.5048218 -0.20324707 0.5645752,2.1666667 -0.4588889 -0.26222223,14.61 4.58 1.03,0 0 0,5
55,01100010,00000000,0.6081543 0.5316162 -0.17913818 0.56152344,2.0166667 -0.10222222 -0.4422222,12.56 -0.9 7.25,0 0 0,5
56,01100010,00000000,0.56585693 0.5819092 -0.14068604 0.5668335,2.1455555 -0.4211111 -0.73888886,8.51 2.09 0.77,0 0 0,5
57,01100010,00000000,0.5492554 0.6221924 -0.0859375 0.5510864,2.3844445 0.33888888 -1.528889,4.15 9.02 -4.79,0 0 0,5
58,01100010,00000000,0.5392456 0.619751 -0.02142334 0.5697632,1.5111111 1.9722222 -0.95444447,1.37 1.69 4.26,0 0 0,5
59,01100010,00000000,0.5470581 0.6032715 0.03302002 0.5793457,0.19555555 1.9155556 -1.0766667,-3.8 5.53 2.89,0 0 0,5
60,01100010,00000000,0.56103516 0.57910156 0.075683594 0.5866089,-0.5888889 1.6211112 -1.4088889,-2.24 5.59 2.77,0 0 0,5
61,01100010,00000000,0.5800171 0.53515625 0.10321045 0.6053467,-0.44777778 2.4777777 -0.7822222,4.32 1.19 1.95,0 0 0,5
62,01100010,00000000,0.6050415 0.4855957 0.15228271 0.6123047,-1.0311111 1.7533333 -1.7777778,6.54 3.58 1.22,0 0 0,5
63,01100010,00000000,0.6409302 0.44610596 0.20507812 0.5899658,0.15 1.8 -2.88,-0.11 11.78 4.95,0 0 0,5
64,01100010,00000000,0.67022705 0.40093994 0.2598877 0.5678711,-0.37666667 1.36 -3.4288888,-1.51 13.87 17.14,0 0 0,5
65,01100010,00000000,0.70544434 0.3670044 0.30615234 0.52337646,-0.096666664 1.02 -2.7577777,-5.7 18.92 10.85,0 0 0,5
66,01100010,00000000,0.74645996 0.26428223 0.37542725 0.48156738,-2.1766667 3.44 -4.4911113,-16.02 18.51 11.83,0 0 0,5
67,01100010,00000000,0.7774658 0.08807373 0.4397583 0.4407959,-4.3855557 4.7744446 -5.48,-38.85 32.63 39.37,0 0 0,5
68,01100010,00000000,0.8916626 0.028930664 0.30578613 0.33251953,-2.038889 -15.706667 -11.701111,-38.87 29.46 -196.15,0 0 0,5
69,01100010,00000000,0.9628296 0.23864746 -0.120788574 0.037231445,21.132223 -17.262222 -8.63,-38.87 38.97 -18.55,0 0 0,5
70,01100010,00000000,0.14562988 0.61383057 -0.09307861 -0.7702637,13.195556 -21.76 36.082222,-38.87 21.33 -12.76,0 0 0,5
71,01100010,00000000,-0.6505127 -0.270813 -0.05999756 -0.7069702,34.557777 36.082222 -34.54889,-38.87 -2.59 -39.07,0 0 0,5
72,01100010,00000000,-0.38098145 -0.8110962 -0.3587036 0.26135254,35.556667 -15.643333 36.082222,-27.53 2.2 -36.28,0 0 0,5
73,01100010,00000000,0.28234863 -0.06878662 -0.6793823 0.67370605,9.708889 -16.401112 36.082222,-38.82 8.29 -4.83,0 0 0,5
74,01100010,00000000,0.09643555 0.8095093 -0.44091797 0.37530518,16.332222 -31.742222 -25.424444,-30.71 0.63 -28.32,0 0 0,5
75,01100010,00000000,-0.5449219 0.831604 0.056640625 0.09069824,29.744444 -15.801111 -15.68,-1.01 -8.33 -33.44,0 0 0,5
76,01100010,00000000,-0.6889038 0 0 -0.015625,11.881111 -4.2033334 -35.592224,-22.54 7.97 -11.55,0 0 0,5
77,01100010,00000000,-0.10675049 0.015197754 0.7860718 0.6086426,-1.0733334 -19.40889 -14.783334,-16.67 4.18 -5.27,0 0 0,5
78,01100010,00000000,0.30639648 0.22668457 0.8517456 0.35943604,13.572222 -18.465555 -2.83,0.54 -10.92 -11.22,0 0 0,5
79,01100010,00000000,0.37652588 0.20080566 0.88446045 -0.18890381,17.82 -3.9055555 -16.413334,-3.4 1.99 -12.5,0 0 0,5
80,01100010,00000000,0.23620605 -0.17913818 0.7915039 -0.5344238,4.4755554 -5.4333334 -20.052221,-12.97 8.3 -1.81,0 0 0,5
81,01100010,00000000,0.3209839 -0.5734863 0.51226807 -0.5527954,4.578889 -14.378889 -10.87,-12.44 -3.82 -2.63,0 0 0,5
82,01100010,00000000,0.56427 -0.65148926 0.13873291 -0.48773193,15.742222 -10.293333 -4.86,4.94 -2.73 -9.38,0 0 0,5
83,01100010,00000000,0.6187134 -0.49639893 -0.23815918 -0.56030273,10.702222 -3.3011112 -15.255555,-4.12 4.99 -4.9,0 0 0,5
84,01100010,00000000,0.32635498 -0.31811523 -0.5835571 -0.6719971,3.4488888 -6.5522223 -15.3544445,-9.05 6.48 -0.82,0 0 0,5
85,01100010,00000000,0.05505371 -0.28753662 -0.77526855 -0.55963135,6.3377776 -11.18 -10.764444,-8.42 1.32 -2.39,126 15645 -3585,5
86,01100010,00000000,-0.2444458 -0.24822998 -0.89520264 -0.277771,11.416667 -11.66 -6.9766665,-3.04 -1.29 -5.88,0 0 0,5
87,01100010,00000000,-0.37445068 -0.16662598 -0.9039917 0.12121582,13.006667 -7.536667 -13.933333,-5.17 -0.4 -6.26,0 0 0,5
88,01100010,00000000,-0.38391113 0.2468872 -0.68566895 0.56707764,9.432222 -9.427778 -19.163334,-11.99 2.47 -2,0 0 0,5
89,01100010,00000000,-0.32635498 0.5648804 -0.27130127 0.7076416,8.96 -13.677778 -17.757778,-12.12 3.59 -4.17,0 0 0,5
90,01100010,00000000,-0.2695923 0.7404175 0.21154785 0.578125,11.043333 -14.406667 -11.807777,-5.01 2.38 -7.11,0 0 0,5
91,01100010,00000000,-0.24597168 0.69140625 0.600708 0.31695557,12.012222 -10.555555 -10.894444,-3.41 2.96 -6.7,0 0 0,5
92,01100010,00000000,-0.17767334 0.4232788 0.8883667 0.0029907227,10.356667 -8.564445 -11.112223,-6.18 3.15 -5.03,0 0 0,5
93,01100010,00000000,-0.051818848 0.14147949 0 -0.015625,9.265555 -11.12 -10.4377775,-9.77 0.26 -4.13,0 0 0,5
94,01100010,00000000,0.13946533 -0.23187256 0.8441162 -0.46276855,12.432222 -12.9377775 -11.443334,-7.77 -0.8 -6.58,0 0 0,5
95,01100010,00000000,0.27056885 -0.5189209 0.42004395 -0.6935425,13.808888 -8.4788885 -13.855556,-4.78 -1.63 -5.74,0 0 0,5
96,01100010,00000000,0.12579346 -0.6868286 -0.103759766 -0.70825195,9.995556 -8.982223 -19.936666,-9 2.31 -2.24,0 0 0,5
97,01100010,00000000,-0.07116699 -0.68652344 -0.51763916 -0.5055542,6.898889 -10.8955555 -15.316667,-9.48 4.82 -2.32,0 0 0,5
98,01100010,00000000,-0.24310303 -0.63916016 -0.71502686 -0.14520264,8.463333 -13.865556 -11.31,-6.83 0.35 -4.21,0 0 0,5
99,01100010,00000000,-0.31793213 -0.40911865 -0.74975586 0.411438,12.147778 -13.083333 -13.34,-3.64 2.15 -7.78,0 0 0,5
100,01100010,00000000,-0.20141602 -0.08728027 -0.6088257 0.7623291,10.246667 -10.344444 -15.892222,-8.12 5.7 -4.8,0 0 0,5
101,01100010,00000000,-0.08392334 0.26348877 -0.36761475 0.8878784,9.044444 -11.181111 -11.533334,-5.55 0.54 -3.85,0 0 0,5
102,01100010,00000000,0.07098389 0.58325195 0.0018920898 0.80908203,10.496667 -14.11 -18.331112,-13.87 2.72 -5.17,0 147 2303,5
103,01100010,00000000,0.19506836 0.79400635 0.47070312 0.331604,13.958889 -15.02 -14.105556,-7.46 0.28 -8.83,0 0 0,5
104,01100010,00000000,0.1394043 0.5987549 0.76867676 -0.1763916,14.302222 -11.881111 -22.937778,-14.81 2.26 -7.05,0 0 0,5
105,01100010,00000000,0.053833008 0.04296875 0.80633545 -0.58740234,12.443334 -14.305555 -24.773333,-19.46 3.73 -5.59,0 0 0,5
106,01110011,00000000,0.05847168 -0.71765137 0.31256104 -0.6195679,13.668889 -20.976667 -22.945555,-16.45 5.16 -15.14,0 0 0,5
107,01110011,00000000,0.14196777 -0.8815918 -0.06262207 -0.44573975,17.63889 -18.732222 -18.5,-10.71 2.62 -16.06,4 4 4,5
108,01110011,00000000,0.22283936 -0.8456421 -0.42486572 -0.23388672,17.864445 -14.514444 -18.881111,-12.89 5.87 -15.34,4 2 7,5
109,01110011,00000000,0.27124023 -0.61602783 -0.73950195 -0.0022583008,13.6044445 -9.81 -16.085556,-8.06 6.12 -7.35,4 2 10,5
110,01110011,00000000,0.2630005 -0.43371582 -0.8512573 -6.1035156E-05,9.85 -8.93 -10.754444,-11.26 2.02 -4.84,4 2 13,5
111,01110011,00000000,0.21136475 -0.22601318 -0.914978 0.25872803,9.224444 -10.678889 -11.883333,-11.4 1.38 -3.76,4 1 16,5
112,01110011,00000000,0.1038208 0.050354004 -0.8928833 0.43518066,11.353333 -10.97 -9.456667,-8.57 -1.31 -5.31,4 1 19,5
113,01110011,00000000,0.03125 0.20666504 -0.7984009 0.56463623,12.858889 -7.384444 -7.0855556,-4.32 -2.56 -4.26,4 1 22,5
114,01110011,00000000,0.0045776367 0.37054443 -0.6398926 0.6732178,13.176666 -5.8955555 -12.128889,-5.93 -1.18 -4.08,4 1 25,5
115,01110011,00000000,0.043945312 0.58099365 -0.33666992 0.739624,12.335556 -4.85 -15.278889,-7.85 0.62 -3.02,4 3 28,5
116,01110011,00000000,0.1227417 0.68774414 -0.057861328 0.71313477,10.616667 -4.3133335 -20.263334,-12.72 0.15 -1.3,4 5 31,5
117,01110011,00000000,0.24468994 0.73083496 0.24822998 0.586792,9.236667 -5.86 -22.967777,-16.55 -0.03 -0.27,4 8 33,5
118,01110011,00000000,-6.1035156E-05 -6.1035156E-05 -6.1035156E-05 -6.1035156E-05,-0.0011111111 -0.0011111111 -0.0011111111,-0.01 -0.01 -0.01,-1 -1 -1,255
255,11111111,11111111,-6.1035156E-05 -6.1035156E-05 -6.1035156E-05 -6.1035156E-05,-0.0011111111 -0.0011111111 -0.0011111111,-0.01 -0.01 -0.01,-1 -1 -1,255
255,11111111,11111111,-6.1035156E-05 -6.1035156E-05 -6.1035156E-05 -6.1035156E-05,-0.0011111111 -0.0011111111 -0.0011111111,-0.01 -0.01 -0.01,-1 -1 -1,255
255,11111111,11111111,-6.1035156E-05 -6.1035156E-05 -6.1035156E-05 -6.1035156E-05,-0.0011111111 -0.0011111111 -0.0011111111,-0.01 -0.01 -0.01,-1 -1 -1,255
255,11111111,11111111,-6.1035156E-05 -6.1035156E-05 -6.1035156E-05 -6.1035156E-05,-0.0011111111 -0.0011111111 -0.0011111111,-0.01 -0.01 -0.01,-1 -1 -1,255
255,11111111,11111111,-6.1035156E-05 -6.1035156E-05 -6.1035156E-05 -6.1035156E-05,-0.0011111111 -0.0011111111 -0.0011111111,-0.01 -0.01 -0.01,-1 -1 -1,255
255,11111111,11111111,-6.1035156E-05 -6.1035156E-05 -6.1035156E-05 -6.1035156E-05,-0.0011111111 -0.0011111111 -0.0011111111,-0.01 -0.01 -0.01,-1 -1 -1,255
255,11111111,11111111,-6.1035156E-05 -6.1035156E-05 -6.1035156E-05 -6.1035156E-05,-0.0011111111 -0.0011111111 -0.0011111111,-0.01 -0.01 -0.01,-1 -1 -1,255
255,11111111,11111111,-6.1035156E-05 -6.1035156E-05 -6.1035156E-05 -6.1035156E-05,-0.0011111111 -0.0011111111 -0.0011111111,-0.01 -0.01 -0.01,-1 -1 -1,255
255,11111111,11111111,-6.1035156E-05 -6.1035156E-05 -6.1035156E-05 -6.1035156E-05,-0.0011111111 -0.0011111111 -0.0011111111,-0.01 -0.01 -0.01,-1 -1 -1,255
255,11111111,11111111,-6.1035156E-05 -6.1035156E-05 -6.1035156E-05 -6.1035156E-05,-0.0011111111 -0.0011111111 -0.0011111111,-0.01 -0.01 -0.01,-1 -1 -1,255
255,11111111,11111111,-6.1035156E-05 -6.1035156E-05 -6.1035156E-05 -6.1035156E-05,-0.0011111111 -0.0011111111 -0.0011111111,-0.01 -0.01 -0.01,-1 -1 -1,255
255,11111111,11111111,-6.1035156E-05 -6.1035156E-05 -6.1035156E-05 -6.1035156E-05,-0.0011111111 -0.0011111111 -0.0011111111,-0.01 -0.01 -0.01,-1 -1 -1,255
255,11111111,11111111,-6.1035156E-05 -6.1035156E-05 -6.1035156E-05 -6.1035156E-05,-0.0011111111 -0.0011111111 -0.0011111111,-0.01 -0.01 -0.01,-1 -1 -1,255
255,11111111,11111111,-6.1035156E-05 -6.1035156E-05 -6.1035156E-05 -6.1035156E-05,-0.0011111111 -0.0011111111 -0.0011111111,-0.01 -0.01 -0.01,-1 -1 -1,255
255,11111111,11111111,-6.1035156E-05 -6.1035156E-05 -6.1035156E-05 -6.1035156E-05,-0.0011111111 -0.0011111111 -0.0011111111,-0.01 -0.01 -0.01,-1 -1 -1,255
255,11111111,11111111,-6.1035156E-05 -6.1035156E-05 -6.1035156E-05 -6.1035156E-05,-0.0011111111 -0.0011111111 -0.0011111111,-0.01 -0.01 -0.01,-1 -1 -1,255
255,11111111,11111111,-6.1035156E-05 -6.1035156E-05 -6.1035156E-05 -6.1035156E-05,-0.0011111111 -0.0011111111 -0.0011111111,-0.01 -0.01 -0.01,-1 -1 -1,255
255,11111111,11111111,-6.1035156E-05 -6.1035156E-05 -6.1035156E-05 -6.1035156E-05,-0.0011111111 -0.0011111111 -0.0011111111,-0.01 -0.01 -0.01,-1 -1 -1,255
255,11111111,11111111,-6.1035156E-05 -6.1035156E-05 -6.1035156E-05 -6.1035156E-05,-0.0011111111 -0.0011111111 -0.0011111111,-0.01 -0.01 -0.01,-1 -1 -1,255
255,11111111,11111111,-6.1035156E-05 -6.1035156E-05 -6.1035156E-05 -6.1035156E-05,-0.0011111111 -0.0011111111 -0.0011111111,-0.01 -0.01 -0.01,-1 -1 -1,255
255,11111111,11111111,-6.1035156E-05 -6.1035156E-05 -6.1035156E-05 -6.1035156E-05,-0.0011111111 -0.0011111111 -0.0011111111,-0.01 -0.01 -0.01,-1 -1 -1,255
255,11111111,11111111,-6.1035156E-05 -6.1035156E-05 -6.1035156E-05 -6.1035156E-05,-0.0011111111 -0.0011111111 -0.0011111111,-0.01 -0.01 -0.01,-1 -1 -1,255
255,11111111,11111111,-6.1035156E-05 -6.1035156E-05 -6.1035156E-05 -6.1035156E-05,-0.0011111111 -0.0011111111 -0.0011111111,-0.01 -0.01 -0.01,-1 -1 -1,255
255,11111111,11111111,-6.1035156E-05 -6.1035156E-05 -6.1035156E-05 -6.1035156E-05,-0.0011111111 -0.0011111111 -0.0011111111,-0.01 -0.01 -0.01,-1 -1 -1,255
255,11111111,11111111,-6.1035156E-05 -6.1035156E-05 -6.1035156E-05 -6.1035156E-05,-0.0011111111 -0.0011111111 -0.0011111111,-0.01 -0.01 -0.01,-1 -1 -1,255
255,11111111,11111111,-6.1035156E-05 -6.1035156E-05 -6.1035156E-05 -6.1035156E-05,-0.0011111111 -0.0011111111 -0.0011111111,-0.01 -0.01 -0.01,-1 -1 -1,255
255,11111111,11111111,-6.1035156E-05 -6.1035156E-05 -6.1035156E-05 -6.1035156E-05,-0.0011111111 -0.0011111111 -0.0011111111,-0.01 -0.01 -0.01,-1 -1 -1,255
255,11111111,11111111,-6.1035156E-05 -6.1035156E-05 -6.1035156E-05 -6.1035156E-05,-0.0011111111 -0.0011111111 -0.0011111111,-0.01 -0.01 -0.01,-1 -1 -1,255
255,11111111,11111111,-6.1035156E-05 -6.1035156E-05 -6.1035156E-05 -6.1035156E-05,-0.0011111111 -0.0011111111 -0.0011111111,-0.01 -0.01 -0.01,-1 -1 -1,255
255,11111111,11111111,-6.1035156E-05 -6.1035156E-05 -6.1035156E-05 -6.1035156E-05,-0.0011111111 -0.0011111111 -0.0011111111,-0.01 -0.01 -0.01,-1 -1 -1,255
255,11111111,11111111,-6.1035156E-05 -6.1035156E-05 -6.1035156E-05 -6.1035156E-05,-0.0011111111 -0.0011111111 -0.0011111111,-0.01 -0.01 -0.01,-1 -1 -1,255
255,11111111,11111111,-6.1035156E-05 -6.1035156E-05 -6.1035156E-05 -6.1035156E-05,-0.0011111111 -0.0011111111 -0.0011111111,-0.01 -0.01 -0.01,-1 -1 -1,255
255,11111111,11111111,-6.1035156E-05 -6.1035156E-05 -6.1035156E-05 -6.1035156E-05,-0.0011111111 -0.0011111111 -0.0011111111,-0.01 -0.01 -0.01,-1 -1 -1,255
255,11111111,11111111,-6.1035156E-05 -6.1035156E-05 -6.1035156E-05 -6.1035156E-05,-0.0011111111 -0.0011111111 -0.0011111111,-0.01 -0.01 -0.01,-1 -1 -1,255
255,11111111,11111111,-6.1035156E-05 -6.1035156E-05 -6.1035156E-05 -6.1035156E-05,-0.0011111111 -0.0011111111 -0.0011111111,-0.01 -0.01 -0.01,-1 -1 -1,255
255,11111111,11111111,-6.1035156E-05 -6.1035156E-05 -6.1035156E-05 -6.1035156E-05,-0.0011111111 -0.0011111111 -0.0011111111,-0.01 -0.01 -0.01,-1 -1 -1,255
255,11111111,11111111,-6.1035156E-05 -6.1035156E-05 -6.1035156E-05 -6.1035156E-05,-0.0011111111 -0.0011111111 -0.0011111111,-0.01 -0.01 -0.01,-1 -1 -1,255
255,11111111,11111111,-6.1035156E-05 -6.1035156E-05 -6.1035156E-05 -6.1035156E-05,-0.0011111111 -0.0011111111 -0.0011111111,-0.01 -0.01 -0.01,-1 -1 -1,255
255,11111111,11111111,-6.1035156E-05 -6.1035156E-05 -6.1035156E-05 -6.1035156E-05,-0.0011111111 -0.0011111111 -0.0011111111,-0.01 -0.01 -0.01,-1 -1 -1,255
255,11111111,11111111,-6.1035156E-05 -6.1035156E-05 -6.1035156E-05 -6.1035156E-05,-0.0011111111 -0.0011111111 -0.0011111111,-0.01 -0.01 -0.01,-1 -1 -1,255
255,11111111,11111111,-6.1035156E-05 -6.1035156E-05 -6.1035156E-05 -6.1035156E-05,-0.0011111111 -0.0011111111 -0.0011111111,-0.01 -0.01 -0.01,-1 -1 -1,255
255,11111111,11111111,-6.1035156E-05 -6.1035156E-05 -6.1035156E-05 -6.1035156E-05,-0.0011111111 -0.0011111111 -0.0011111111,-0.01 -0.01 -0.01,-1 -1 -1,255
255,11111111,11111111,-6.1035156E-05 -6.1035156E-05 -6.1035156E-05 -6.1035156E-05,-0.0011111111 -0.0011111111 -0.0011111111,-0.01 -0.01 -0.01,-1 -1 -1,255
255,11111111,11111111,-6.1035156E-05 -6.1035156E-05 -6.1035156E-05 -6.1035156E-05,-0.0011111111 -0.0011111111 -0.0011111111,-0.01 -0.01 -0.01,-1 -1 -1,255
255,11111111,11111111,-6.1035156E-05 -6.1035156E-05 -6.1035156E-05 -6.1035156E-05,-0.0011111111 -0.0011111111 -0.0011111111,-0.01 -0.01 -0.01,-1 -1 -1,255
255,11111111,11111111,-6.1035156E-05 -6.1035156E-05 -6.1035156E-05 -6.1035156E-05,-0.0011111111 -0.0011111111 -0.0011111111,-0.01 -0.01 -0.01,-1 -1 -1,255
255,11111111,11111111,-6.1035156E-05 -6.1035156E-05 -6.1035156E-05 -6.1035156E-05,-0.0011111111 -0.0011111111 -0.0011111111,-0.01 -0.01 -0.01,-1 -1 -1,255
255,11111111,11111111,-6.1035156E-05 -6.1035156E-05 -6.1035156E-05 -6.1035156E-05,-0.0011111111 -0.0011111111 -0.0011111111,-0.01 -0.01 -0.01,-1 -1 -1,255
255,11111111,11111111,-6.1035156E-05 -6.1035156E-05 -6.1035156E-05 -6.1035156E-05,-0.0011111111 -0.0011111111 -0.0011111111,-0.01 -0.01 -0.01,-1 -1 -1,255
255,11111111,11111111,-6.1035156E-05 -6.1035156E-05 -6.1035156E-05 -6.1035156E-05,-0.0011111111 -0.0011111111 -0.0011111111,-0.01 -0.01 -0.01,-1 -1 -1,255
255,11111111,11111111,-6.1035156E-05 -6.1035156E-05 -6.1035156E-05 -6.1035156E-05,-0.0011111111 -0.0011111111 -0.0011111111,-0.01 -0.01 -0.01,-1 -1 -1,255
255,11111111,11111111,-6.1035156E-05 -6.1035156E-05 -6.1035156E-05 -6.1035156E-05,-0.0011111111 -0.0011111111 -0.0011111111,-0.01 -0.01 -0.01,-1 -1 -1,255
255,11111111,11111111,-6.1035156E-05 -6.1035156E-05 -6.1035156E-05 -6.1035156E-05,-0.0011111111 -0.0011111111 -0.0011111111,-0.01 -0.01 -0.01,-1 -1 -1,255
255,11111111,11111111,-6.1035156E-05 -6.1035156E-05 -6.1035156E-05 -6.1035156E-05,-0.0011111111 -0.0011111111 -0.0011111111,-0.01 -0.01 -0.01,-1 -1 -1,255
255,11111111,11111111,-6.1035156E-05 -6.1035156E-05 -6.1035156E-05 -6.1035156E-05,-0.0011111111 -0.0011111111 -0.0011111111,-0.01 -0.01 -0.01,-1 -1 -1,255
255,11111111,11111111,-6.1035156E-05 -6.1035156E-05 -6.1035156E-05 -6.1035156E-05,-0.0011111111 -0.0011111111 -0.0011111111,-0.01 -0.01 -0.01,-1 -1 -1,255
255,11111111,11111111,-6.1035156E-05 -6.1035156E-05 -6.1035156E-05 -6.1035156E-05,-0.0011111111 -0.0011111111 -0.0011111111,-0.01 -0.01 -0.01,-1 -1 -1,255
255,11111111,11111111,-6.1035156E-05 -6.1035156E-05 -6.1035156E-05 -6.1035156E-05,-0.0011111111 -0.0011111111 -0.0011111111,-0.01 -0.01 -0.01,-1 -1 -1,255
255,11111111,11111111,-6.1035156E-05 -6.1035156E-05 -6.1035156E-05 -6.1035156E-05,-0.0011111111 -0.0011111111 -0.0011111111,-0.01 -0.01 -0.01,-1 -1 -1,255
255,11111111,11111111,-6.1035156E-05 -6.1035156E-05 -6.1035156E-05 -6.1035156E-05,-0.0011111111 -0.0011111111 -0.0011111111,-0.01 -0.01 -0.01,-1 -1 -1,255
255,11111111,11111111,-6.1035156E-05 -6.1035156E-05 -6.1035156E-05 -6.1035156E-05,-0.0011111111 -0.0011111111 -0.0011111111,-0.01 -0.01 -0.01,-1 -1 -1,255
255,11111111,11111111,-6.1035156E-05 -6.1035156E-05 -6.1035156E-05 -6.1035156E-05,-0.0011111111 -0.0011111111 -0.0011111111,-0.01 -0.01 -0.01,-1 -1 -1,255
255,11111111,11111111,-6.1035156E-05 -6.1035156E-05 -6.1035156E-05 -6.1035156E-05,-0.0011111111 -0.0011111111 -0.0011111111,-0.01 -0.01 -0.01,-1 -1 -1,255
255,11111111,11111111,-6.1035156E-05 -6.1035156E-05 -6.1035156E-05 -6.1035156E-05,-0.0011111111 -0.0011111111 -0.0011111111,-0.01 -0.01 -0.01,-1 -1 -1,255
255,11111111,11111111,-6.1035156E-05 -6.1035156E-05 -6.1035156E-05 -6.1035156E-05,-0.0011111111 -0.0011111111 -0.0011111111,-0.01 -0.01 -0.01,-1 -1 -1,255
255,11111111,11111111,-6.1035156E-05 -6.1035156E-05 -6.1035156E-05 -6.1035156E-05,-0.0011111111 -0.0011111111 -0.0011111111,-0.01 -0.01 -0.01,-1 -1 -1,255
255,11111111,11111111,-6.1035156E-05 -6.1035156E-05 -6.1035156E-05 -6.1035156E-05,-0.0011111111 -0.0011111111 -0.0011111111,-0.01 -0.01 -0.01,-1 -1 -1,255
255,11111111,11111111,-6.1035156E-05 -6.1035156E-05 -6.1035156E-05 -6.1035156E-05,-0.0011111111 -0.0011111111 -0.0011111111,-0.01 -0.01 -0.01,-1 -1 -1,255
255,11111111,11111111,-6.1035156E-05 -6.1035156E-05 -6.1035156E-05 -6.1035156E-05,-0.0011111111 -0.0011111111 -0.0011111111,-0.01 -0.01 -0.01,-1 -1 -1,255
255,11111111,11111111,-6.1035156E-05 -6.1035156E-05 -6.1035156E-05 -6.1035156E-05,-0.0011111111 -0.0011111111 -0.0011111111,-0.01 -0.01 -0.01,-1 -1 -1,255
255,11111111,11111111,-6.1035156E-05 -6.1035156E-05 -6.1035156E-05 -6.1035156E-05,-0.0011111111 -0.0011111111 -0.0011111111,-0.01 -0.01 -0.01,-1 -1 -1,255
255,11111111,11111111,-6.1035156E-05 -6.1035156E-05 -6.1035156E-05 -6.1035156E-05,-0.0011111111 -0.0011111111 -0.0011111111,-0.01 -0.01 -0.01,-1 -1 -1,255
255,11111111,11111111,-6.1035156E-05 -6.1035156E-05 -6.1035156E-05 -6.1035156E-05,-0.0011111111 -0.0011111111 -0.0011111111,-0.01 -0.01 -0.01,-1 -1 -1,255
255,11111111,11111111,-6.1035156E-05 -6.1035156E-05 -6.1035156E-05 -6.1035156E-05,-0.0011111111 -0.0011111111 -0.0011111111,-0.01 -0.01 -0.01,-1 -1 -1,255
255,11111111,11111111,-6.1035156E-05 -6.1035156E-05 -6.1035156E-05 -6.1035156E-05,-0.0011111111 -0.0011111111 -0.0011111111,-0.01 -0.01 -0.01,-1 -1 -1,255
255,11111111,11111111,-6.1035156E-05 -6.1035156E-05 -6.1035156E-05 -6.1035156E-05,-0.0011111111 -0.0011111111 -0.0011111111,-0.01 -0.01 -0.01,-1 -1 -1,255
255,11111111,11111111,-6.1035156E-05 -6.1035156E-05 -6.1035156E-05 -6.1035156E-05,-0.0011111111 -0.0011111111 -0.0011111111,-0.01 -0.01 -0.01,-1 -1 -1,255
255,11111111,11111111,-6.1035156E-05 -6.1035156E-05 -6.1035156E-05 -6.1035156E-05,-0.0011111111 -0.0011111111 -0.0011111111,-0.01 -0.01 -0.01,-1 -1 -1,255
255,11111111,11111111,-6.1035156E-05 -6.1035156E-05 -6.1035156E-05 -6.1035156E-05,-0.0011111111 -0.0011111111 -0.0011111111,-0.01 -0.01 -0.01,-1 -1 -1,255
255,11111111,11111111,-6.1035156E-05 -6.1035156E-05 -6.1035156E-05 -6.1035156E-05,-0.0011111111 -0.0011111111 -0.0011111111,-0.01 -0.01 -0.01,-1 -1 -1,255
255,11111111,11111111,-6.1035156E-05 -6.1035156E-05 -6.1035156E-05 -6.1035156E-05,-0.0011111111 -0.0011111111 -0.0011111111,-0.01 -0.01 -0.01,-1 -1 -1,255
255,11111111,11111111,-6.1035156E-05 -6.1035156E-05 -6.1035156E-05 -6.1035156E-05,-0.0011111111 -0.0011111111 -0.0011111111,-0.01 -0.01 -0.01,-1 -1 -1,255
255,11111111,11111111,-6.1035156E-05 -6.1035156E-05 -6.1035156E-05 -6.1035156E-05,-0.0011111111 -0.0011111111 -0.0011111111,-0.01 -0.01 -0.01,-1 -1 -1,255
255,11111111,11111111,-6.1035156E-05 -6.1035156E-05 -6.1035156E-05 -6.1035156E-05,-0.0011111111 -0.0011111111 -0.0011111111,-0.01 -0.01 -0.01,-1 -1 -1,255
255,11111111,11111111,-6.1035156E-05 -6.1035156E-05 -6.1035156E-05 -6.1035156E-05,-0.0011111111 -0.0011111111 -0.0011111111,-0.01 -0.01 -0.01,-1 -1 -1,255
255,11111111,11111111,-6.1035156E-05 -6.1035156E-05 -6.1035156E-05 -6.1035156E-05,-0.0011111111 -0.0011111111 -0.0011111111,-0.01 -0.01 -0.01,-1 -1 -1,255
255,11111111,11111111,-6.1035156E-05 -6.1035156E-05 -6.1035156E-05 -6.1035156E-05,-0.0011111111 -0.0011111111 -0.0011111111,-0.01 -0.01 -0.01,-1 -1 -1,255
255,11111111,11111111,-6.1035156E-05 -6.1035156E-05 -6.1035156E-05 -6.1035156E-05,-0.0011111111 -0.0011111111 -0.0011111111,-0.01 -0.01 -0.01,-1 -1 -1,255
255,11111111,11111111,-6.1035156E-05 -6.1035156E-05 -6.1035156E-05 -6.1035156E-05,-0.0011111111 -0.0011111111 -0.0011111111,-0.01 -0.01 -0.01,-1 -1 -1,255
255,11111111,11111111,-6.1035156E-05 -6.1035156E-05 -6.1035156E-05 -6.1035156E-05,-0.0011111111 -0.0011111111 -0.0011111111,-0.01 -0.01 -0.01,-1 -1 -1,255
255,11111111,11111111,-6.1035156E-05 -6.1035156E-05 -6.1035156E-05 -6.1035156E-05,-0.0011111111 -0.0011111111 -0.0011111111,-0.01 -0.01 -0.01,-1 -1 -1,255
255,11111111,11111111,-6.1035156E-05 -6.1035156E-05 -6.1035156E-05 -6.1035156E-05,-0.0011111111 -0.0011111111 -0.0011111111,-0.01 -0.01 -0.01,-1 -1 -1,255
255,11111111,11111111,-6.1035156E-05 -6.1035156E-05 -6.1035156E-05 -6.1035156E-05,-0.0011111111 -0.0011111111 -0.0011111111,-0.01 -0.01 -0.01,-1 -1 -1,255
255,11111111,11111111,-6.1035156E-05 -6.1035156E-05 -6.1035156E-05 -6.1035156E-05,-0.0011111111 -0.0011111111 -0.0011111111,-0.01 -0.01 -0.01,-1 -1 -1,255
255,11111111,11111111,-6.1035156E-05 -6.1035156E-05 -6.1035156E-05 -6.1035156E-05,-0.0011111111 -0.0011111111 -0.0011111111,-0.01 -0.01 -0.01,-1 -1 -1,255
255,11111111,11111111,-6.1035156E-05 -6.1035156E-05 -6.1035156E-05 -6.1035156E-05,-0.0011111111 -0.0011111111 -0.0011111111,-0.01 -0.01 -0.01,-1 -1 -1,255
255,11111111,11111111,-6.1035156E-05 -6.1035156E-05 -6.1035156E-05 -6.1035156E-05,-0.0011111111 -0.0011111111 -0.0011111111,-0.01 -0.01 -0.01,-1 -1 -1,255
255,11111111,11111111,-6.1035156E-05 -6.1035156E-05 -6.1035156E-05 -6.1035156E-05,-0.0011111111 -0.0011111111 -0.0011111111,-0.01 -0.01 -0.01,-1 -1 -1,255
255,11111111,11111111,-6.1035156E-05 -6.1035156E-05 -6.1035156E-05 -6.1035156E-05,-0.0011111111 -0.0011111111 -0.0011111111,-0.01 -0.01 -0.01,-1 -1 -1,255
255,11111111,11111111,-6.1035156E-05 -6.1035156E-05 -6.1035156E-05 -6.1035156E-05,-0.0011111111 -0.0011111111 -0.0011111111,-0.01 -0.01 -0.01,-1 -1 -1,255
255,11111111,11111111,-6.1035156E-05 -6.1035156E-05 -6.1035156E-05 -6.1035156E-05,-0.0011111111 -0.0011111111 -0.0011111111,-0.01 -0.01 -0.01,-1 -1 -1,255
255,11111111,11111111,-6.1035156E-05 -6.1035156E-05 -6.1035156E-05 -6.1035156E-05,-0.0011111111 -0.0011111111 -0.0011111111,-0.01 -0.01 -0.01,-1 -1 -1,255
255,11111111,11111111,-6.1035156E-05 -6.1035156E-05 -6.1035156E-05 -6.1035156E-05,-0.0011111111 -0.0011111111 -0.0011111111,-0.01 -0.01 -0.01,-1 -1 -1,255
255,11111111,11111111,-6.1035156E-05 -6.1035156E-05 -6.1035156E-05 -6.1035156E-05,-0.0011111111 -0.0011111111 -0.0011111111,-0.01 -0.01 -0.01,-1 -1 -1,255
255,11111111,11111111,-6.1035156E-05 -6.1035156E-05 -6.1035156E-05 -6.1035156E-05,-0.0011111111 -0.0011111111 -0.0011111111,-0.01 -0.01 -0.01,-1 -1 -1,255
255,11111111,11111111,-6.1035156E-05 -6.1035156E-05 -6.1035156E-05 -6.1035156E-05,-0.0011111111 -0.0011111111 -0.0011111111,-0.01 -0.01 -0.01,-1 -1 -1,255
255,11111111,11111111,-6.1035156E-05 -6.1035156E-05 -6.1035156E-05 -6.1035156E-05,-0.0011111111 -0.0011111111 -0.0011111111,-0.01 -0.01 -0.01,-1 -1 -1,255
255,11111111,11111111,-6.1035156E-05 -6.1035156E-05 -6.1035156E-05 -6.1035156E-05,-0.0011111111 -0.0011111111 -0.0011111111,-0.01 -0.01 -0.01,-1 -1 -1,255
255,11111111,11111111,-6.1035156E-05 -6.1035156E-05 -6.1035156E-05 -6.1035156E-05,-0.0011111111 -0.0011111111 -0.0011111111,-0.01 -0.01 -0.01,-1 -1 -1,255
255,11111111,11111111,-6.1035156E-05 -6.1035156E-05 -6.1035156E-05 -6.1035156E-05,-0.0011111111 -0.0011111111 -0.0011111111,-0.01 -0.01 -0.01,-1 -1 -1,255
255,11111111,11111111,-6.1035156E-05 -6.1035156E-05 -6.1035156E-05 -6.1035156E-05,-0.0011111111 -0.0011111111 -0.0011111111,-0.01 -0.01 -0.01,-1 -1 -1,255
255,11111111,11111111,-6.1035156E-05 -6.1035156E-05 -6.1035156E-05 -6.1035156E-05,-0.0011111111 -0.0011111111 -0.0011111111,-0.01 -0.01 -0.01,-1 -1 -1,255
255,11111111,11111111,-6.1035156E-05 -6.1035156E-05 -6.1035156E-05 -6.1035156E-05,-0.0011111111 -0.0011111111 -0.0011111111,-0.01 -0.01 -0.01,-1 -1 -1,255
255,11111111,11111111,-6.1035156E-05 -6.1035156E-05 -6.1035156E-05 -6.1035156E-05,-0.0011111111 -0.0011111111 -0.0011111111,-0.01 -0.01 -0.01,-1 -1 -1,255
255,11111111,11111111,-6.1035156E-05 -6.1035156E-05 -6.1035156E-05 -6.1035156E-05,-0.0011111111 -0.0011111111 -0.0011111111,-0.01 -0.01 -0.01,-1 -1 -1,255
255,11111111,11111111,-6.1035156E-05 -6.1035156E-05 -6.1035156E-05 -6.1035156E-05,-0.0011111111 -0.0011111111 -0.0011111111,-0.01 -0.01 -0.01,-1 -1 -1,255
255,11111111,11111111,-6.1035156E-05 -6.1035156E-05 -6.1035156E-05 -6.1035156E-05,-0.0011111111 -0.0011111111 -0.0011111111,-0.01 -0.01 -0.01,-1 -1 -1,255
255,11111111,11111111,-6.1035156E-05 -6.1035156E-05 -6.1035156E-05 -6.1035156E-05,-0.0011111111 -0.0011111111 -0.0011111111,-0.01 -0.01 -0.01,-1 -1 -1,255
255,11111111,11111111,-6.1035156E-05 -6.1035156E-05 -6.1035156E-05 -6.1035156E-05,-0.0011111111 -0.0011111111 -0.0011111111,-0.01 -0.01 -0.01,-1 -1 -1,255
255,11111111,11111111,-6.1035156E-05 -6.1035156E-05 -6.1035156E-05 -6.1035156E-05,-0.0011111111 -0.0011111111 -0.0011111111,-0.01 -0.01 -0.01,-1 -1 -1,255
255,11111111,11111111,-6.1035156E-05 -6.1035156E-05 -6.1035156E-05 -6.1035156E-05,-0.0011111111 -0.0011111111 -0.0011111111,-0.01 -0.01 -0.01,-1 -1 -1,255
255,11111111,11111111,-6.1035156E-05 -6.1035156E-05 -6.1035156E-05 -6.1035156E-05,-0.0011111111 -0.0011111111 -0.0011111111,-0.01 -0.01 -0.01,-1 -1 -1,255
255,11111111,11111111,-6.1035156E-05 -6.1035156E-05 -6.1035156E-05 -6.1035156E-05,-0.0011111111 -0.0011111111 -0.0011111111,-0.01 -0.01 -0.01,-1 -1 -1,255
255,11111111,11111111,-6.1035156E-05 -6.1035156E-05 -6.1035156E-05 -6.1035156E-05,-0.0011111111 -0.0011111111 -0.0011111111,-0.01 -0.01 -0.01,-1 -1 -1,255
255,11111111,11111111,-6.1035156E-05 -6.1035156E-05 -6.1035156E-05 -6.1035156E-05,-0.0011111111 -0.0011111111 -0.0011111111,-0.01 -0.01 -0.01,-1 -1 -1,255
255,11111111,11111111,-6.1035156E-05 -6.1035156E-05 -6.1035156E-05 -6.1035156E-05,-0.0011111111 -0.0011111111 -0.0011111111,-0.01 -0.01 -0.01,-1 -1 -1,255
255,11111111,11111111,-6.1035156E-05 -6.1035156E-05 -6.1035156E-05 -6.1035156E-05,-0.0011111111 -0.0011111111 -0.0011111111,-0.01 -0.01 -0.01,-1 -1 -1,255
255,11111111,11111111,-6.1035156E-05 -6.1035156E-05 -6.1035156E-05 -6.1035156E-05,-0.0011111111 -0.0011111111 -0.0011111111,-0.01 -0.01 -0.01,-1 -1 -1,255
255,11111111,11111111,-6.1035156E-05 -6.1035156E-05 -6.1035156E-05 -6.1035156E-05,-0.0011111111 -0.0011111111 -0.0011111111,-0.01 -0.01 -0.01,-1 -1 -1,255
255,11111111,11111111,-6.1035156E-05 -6.1035156E-05 -6.1035156E-05 -6.1035156E-05,-0.0011111111 -0.0011111111 -0.0011111111,-0.01 -0.01 -0.01,-1 -1 -1,255
255,11111111,11111111,-6.1035156E-05 -6.1035156E-05 -6.1035156E-05 -6.1035156E-05,-0.0011111111 -0.0011111111 -0.0011111111,-0.01 -0.01 -0.01,-1 -1 -1,255
255,11111111,11111111,-6.1035156E-05 -6.1035156E-05 -6.1035156E-05 -6.1035156E-05,-0.0011111111 -0.0011111111 -0.0011111111,-0.01 -0.01 -0.01,-1 -1 -1,255
255,11111111,11111111,-6.1035156E-05 -6.1035156E-05 -6.1035156E-05 -6.1035156E-05,-0.0011111111 -0.0011111111 -0.0011111111,-0.01 -0.01 -0.01,-1 -1 -1,255
255,11111111,11111111,-6.1035156E-05 -6.1035156E-05 -6.1035156E-05 -6.1035156E-05,-0.0011111111 -0.0011111111 -0.0011111111,-0.01 -0.01 -0.01,-1 -1 -1,255
255,11111111,11111111,-6.1035156E-05 -6.1035156E-05 -6.1035156E-05 -6.1035156E-05,-0.0011111111 -0.0011111111 -0.0011111111,-0.01 -0.01 -0.01,-1 -1 -1,255
255,11111111,11111111,-6.1035156E-05 -6.1035156E-05 -6.1035156E-05 -6.1035156E-05,-0.0011111111 -0.0011111111 -0.0011111111,-0.01 -0.01 -0.01,-1 -1 -1,255
255,11111111,11111111,-6.1035156E-05 -6.1035156E-05 -6.1035156E-05 -6.1035156E-05,-0.0011111111 -0.0011111111 -0.0011111111,-0.01 -0.01 -0.01,-1 -1 -1,255
255,11111111,11111111,-6.1035156E-05 -6.1035156E-05 -6.1035156E-05 -6.1035156E-05,-0.0011111111 -0.0011111111 -0.0011111111,-0.01 -0.01 -0.01,-1 -1 -1,255
255,11111111,11111111,-6.1035156E-05 -6.1035156E-05 -6.1035156E-05 -6.1035156E-05,-0.0011111111 -0.0011111111 -0.0011111111,-0.01 -0.01 -0.01,-1 -1 -1,255
255,11111111,11111111,-6.1035156E-05 -6.1035156E-05 -6.1035156E-05 -6.1035156E-05,-0.0011111111 -0.0011111111 -0.0011111111,-0.01 -0.01 -0.01,-1 -1 -1,255
255,11111111,11111111,-6.1035156E-05 -6.1035156E-05 -6.1035156E-05 -6.1035156E-05,-0.0011111111 -0.0011111111 -0.0011111111,-0.01 -0.01 -0.01,-1 -1 -1,255
255,11111111,11111111,-6.1035156E-05 -6.1035156E-05 -6.1035156E-05 -6.1035156E-05,-0.0011111111 -0.0011111111 -0.0011111111,-0.01 -0.01 -0.01,-1 -1 -1,255
255,11111111,11111111,-6.1035156E-05 -6.1035156E-05 -6.1035156E-05 -6.1035156E-05,-0.0011111111 -0.0011111111 -0.0011111111,-0.01 -0.01 -0.01,-1 -1 -1,255
255,11111111,11111111,-6.1035156E-05 -6.1035156E-05 -6.1035156E-05 -6.1035156E-05,-0.0011111111 -0.0011111111 -0.0011111111,-0.01 -0.01 -0.01,-1 -1 -1,255
255,11111111,11111111,-6.1035156E-05 -6.1035156E-05 -6.1035156E-05 -6.1035156E-05,-0.0011111111 -0.0011111111 -0.0011111111,-0.01 -0.01 -0.01,-1 -1 -1,255
255,11111111,11111111,-6.1035156E-05 -6.1035156E-05 -6.1035156E-05 -6.1035156E-05,-0.0011111111 -0.0011111111 -0.0011111111,-0.01 -0.01 -0.01,-1 -1 -1,255
255,11111111,11111111,-6.1035156E-05 -6.1035156E-05 -6.1035156E-05 -6.1035156E-05,-0.0011111111 -0.0011111111 -0.0011111111,-0.01 -0.01 -0.01,-1 -1 -1,255
255,11111111,11111111,-6.1035156E-05 -6.1035156E-05 -6.1035156E-05 -6.1035156E-05,-0.0011111111 -0.0011111111 -0.0011111111,-0.01 -0.01 -0.01,-1 -1 -1,255
255,11111111,11111111,-6.1035156E-05 -6.1035156E-05 -6.1035156E-05 -6.1035156E-05,-0.0011111111 -0.0011111111 -0.0011111111,-0.01 -0.01 -0.01,-1 -1 -1,255
255,11111111,11111111,-6.1035156E-05 -6.1035156E-05 -6.1035156E-05 -6.1035156E-05,-0.0011111111 -0.0011111111 -0.0011111111,-0.01 -0.01 -0.01,-1 -1 -1,255
255,11111111,11111111,-6.1035156E-05 -6.1035156E-05 -6.1035156E-05 -6.1035156E-05,-0.0011111111 -0.0011111111 -0.0011111111,-0.01 -0.01 -0.01,-1 -1 -1,255
255,11111111,11111111,-6.1035156E-05 -6.1035156E-05 -6.1035156E-05 -6.1035156E-05,-0.0011111111 -0.0011111111 -0.0011111111,-0.01 -0.01 -0.01,-1 -1 -1,255
255,11111111,11111111,-6.1035156E-05 -6.1035156E-05 -6.1035156E-05 -6.1035156E-05,-0.0011111111 -0.0011111111 -0.0011111111,-0.01 -0.01 -0.01,-1 -1 -1,255
255,11111111,11111111,-6.1035156E-05 -6.1035156E-05 -6.1035156E-05 -6.1035156E-05,-0.0011111111 -0.0011111111 -0.0011111111,-0.01 -0.01 -0.01,-1 -1 -1,255
255,11111111,11111111,-6.1035156E-05 -6.1035156E-05 -6.1035156E-05 -6.1035156E-05,-0.0011111111 -0.0011111111 -0.0011111111,-0.01 -0.01 -0.01,-1 -1 -1,255
255,11111111,11111111,-6.1035156E-05 -6.1035156E-05 -6.1035156E-05 -6.1035156E-05,-0.0011111111 -0.0011111111 -0.0011111111,-0.01 -0.01 -0.01,-1 -1 -1,255
255,11111111,11111111,-6.1035156E-05 -6.1035156E-05 -6.1035156E-05 -6.1035156E-05,-0.0011111111 -0.0011111111 -0.0011111111,-0.01 -0.01 -0.01,-1 -1 -1,255
255,11111111,11111111,-6.1035156E-05 -6.1035156E-05 -6.1035156E-05 -6.1035156E-05,-0.0011111111 -0.0011111111 -0.0011111111,-0.01 -0.01 -0.01,-1 -1 -1,255
255,11111111,11111111,-6.1035156E-05 -6.1035156E-05 -6.1035156E-05 -6.1035156E-05,-0.0011111111 -0.0011111111 -0.0011111111,-0.01 -0.01 -0.01,-1 -1 -1,255
255,11111111,11111111,-6.1035156E-05 -6.1035156E-05 -6.1035156E-05 -6.1035156E-05,-0.0011111111 -0.0011111111 -0.0011111111,-0.01 -0.01 -0.01,-1 -1 -1,255
255,11111111,11111111,-6.1035156E-05 -6.1035156E-05 -6.1035156E-05 -6.1035156E-05,-0.0011111111 -0.0011111111 -0.0011111111,-0.01 -0.01 -0.01,-1 -1 -1,255
255,11111111,11111111,-6.1035156E-05 -6.1035156E-05 -6.1035156E-05 -6.1035156E-05,-0.0011111111 -0.0011111111 -0.0011111111,-0.01 -0.01 -0.01,-1 -1 -1,255
255,11111111,11111111,-6.1035156E-05 -6.1035156E-05 -6.1035156E-05 -6.1035156E-05,-0.0011111111 -0.0011111111 -0.0011111111,-0.01 -0.01 -0.01,-1 -1 -1,255
255,11111111,11111111,-6.1035156E-05 -6.1035156E-05 -6.1035156E-05 -6.1035156E-05,-0.0011111111 -0.0011111111 -0.0011111111,-0.01 -0.01 -0.01,-1 -1 -1,255
255,11111111,11111111,-6.1035156E-05 -6.1035156E-05 -6.1035156E-05 -6.1035156E-05,-0.0011111111 -0.0011111111 -0.0011111111,-0.01 -0.01 -0.01,-1 -1 -1,255
255,11111111,11111111,-6.1035156E-05 -6.1035156E-05 -6.1035156E-05 -6.1035156E-05,-0.0011111111 -0.0011111111 -0.0011111111,-0.01 -0.01 -0.01,-1 -1 -1,255
255,11111111,11111111,-6.1035156E-05 -6.1035156E-05 -6.1035156E-05 -6.1035156E-05,-0.0011111111 -0.0011111111 -0.0011111111,-0.01 -0.01 -0.01,-1 -1 -1,255
255,11111111,11111111,-6.1035156E-05 -6.1035156E-05 -6.1035156E-05 -6.1035156E-05,-0.0011111111 -0.0011111111 -0.0011111111,-0.01 -0.01 -0.01,-1 -1 -1,255
255,11111111,11111111,-6.1035156E-05 -6.1035156E-05 -6.1035156E-05 -6.1035156E-05,-0.0011111111 -0.0011111111 -0.0011111111,-0.01 -0.01 -0.01,-1 -1 -1,255
255,11111111,11111111,-6.1035156E-05 -6.1035156E-05 -6.1035156E-05 -6.1035156E-05,-0.0011111111 -0.0011111111 -0.0011111111,-0.01 -0.01 -0.01,-1 -1 -1,255
255,11111111,11111111,-6.1035156E-05 -6.1035156E-05 -6.1035156E-05 -6.1035156E-05,-0.0011111111 -0.0011111111 -0.0011111111,-0.01 -0.01 -0.01,-1 -1 -1,255
255,11111111,11111111,-6.1035156E-05 -6.1035156E-05 -6.1035156E-05 -6.1035156E-05,-0.0011111111 -0.0011111111 -0.0011111111,-0.01 -0.01 -0.01,-1 -1 -1,255
255,11111111,11111111,-6.1035156E-05 -6.1035156E-05 -6.1035156E-05 -6.1035156E-05,-0.0011111111 -0.0011111111 -0.0011111111,-0.01 -0.01 -0.01,-1 -1 -1,255
255,11111111,11111111,-6.1035156E-05 -6.1035156E-05 -6.1035156E-05 -6.1035156E-05,-0.0011111111 -0.0011111111 -0.0011111111,-0.01 -0.01 -0.01,-1 -1 -1,255
255,11111111,11111111,-6.1035156E-05 -6.1035156E-05 -6.1035156E-05 -6.1035156E-05,-0.0011111111 -0.0011111111 -0.0011111111,-0.01 -0.01 -0.01,-1 -1 -1,255
255,11111111,11111111,-6.1035156E-05 -6.1035156E-05 -6.1035156E-05 -6.1035156E-05,-0.0011111111 -0.0011111111 -0.0011111111,-0.01 -0.01 -0.01,-1 -1 -1,255
255,11111111,11111111,-6.1035156E-05 -6.1035156E-05 -6.1035156E-05 -6.1035156E-05,-0.0011111111 -0.0011111111 -0.0011111111,-0.01 -0.01 -0.01,-1 -1 -1,255
255,11111111,11111111,-6.1035156E-05 -6.1035156E-05 -6.1035156E-05 -6.1035156E-05,-0.0011111111 -0.0011111111 -0.0011111111,-0.01 -0.01 -0.01,-1 -1 -1,255
255,11111111,11111111,-6.1035156E-05 -6.1035156E-05 -6.1035156E-05 -6.1035156E-05,-0.0011111111 -0.0011111111 -0.0011111111,-0.01 -0.01 -0.01,-1 -1 -1,255
255,11111111,11111111,-6.1035156E-05 -6.1035156E-05 -6.1035156E-05 -6.1035156E-05,-0.0011111111 -0.0011111111 -0.0011111111,-0.01 -0.01 -0.01,-1 -1 -1,255
255,11111111,11111111,-6.1035156E-05 -6.1035156E-05 -6.1035156E-05 -6.1035156E-05,-0.0011111111 -0.0011111111 -0.0011111111,-0.01 -0.01 -0.01,-1 -1 -1,255
255,11111111,11111111,-6.1035156E-05 -6.1035156E-05 -6.1035156E-05 -6.1035156E-05,-0.0011111111 -0.0011111111 -0.0011111111,-0.01 -0.01 -0.01,-1 -1 -1,255
255,11111111,11111111,-6.1035156E-05 -6.1035156E-05 -6.1035156E-05 -6.1035156E-05,-0.0011111111 -0.0011111111 -0.0011111111,-0.01 -0.01 -0.01,-1 -1 -1,255
255,11111111,11111111,-6.1035156E-05 -6.1035156E-05 -6.1035156E-05 -6.1035156E-05,-0.0011111111 -0.0011111111 -0.0011111111,-0.01 -0.01 -0.01,-1 -1 -1,255
255,11111111,11111111,-6.1035156E-05 -6.1035156E-05 -6.1035156E-05 -6.1035156E-05,-0.0011111111 -0.0011111111 -0.0011111111,-0.01 -0.01 -0.01,-1 -1 -1,255
255,11111111,11111111,-6.1035156E-05 -6.1035156E-05 -6.1035156E-05 -6.1035156E-05,-0.0011111111 -0.0011111111 -0.0011111111,-0.01 -0.01 -0.01,-1 -1 -1,255
255,11111111,11111111,-6.1035156E-05 -6.1035156E-05 -6.1035156E-05 -6.1035156E-05,-0.0011111111 -0.0011111111 -0.0011111111,-0.01 -0.01 -0.01,-1 -1 -1,255
255,11111111,11111111,-6.1035156E-05 -6.1035156E-05 -6.1035156E-05 -6.1035156E-05,-0.0011111111 -0.0011111111 -0.0011111111,-0.01 -0.01 -0.01,-1 -1 -1,255
255,11111111,11111111,-6.1035156E-05 -6.1035156E-05 -6.1035156E-05 -6.1035156E-05,-0.0011111111 -0.0011111111 -0.0011111111,-0.01 -0.01 -0.01,-1 -1 -1,255
255,11111111,11111111,-6.1035156E-05 -6.1035156E-05 -6.1035156E-05 -6.1035156E-05,-0.0011111111 -0.0011111111 -0.0011111111,-0.01 -0.01 -0.01,-1 -1 -1,255
255,11111111,11111111,-6.1035156E-05 -6.1035156E-05 -6.1035156E-05 -6.1035156E-05,-0.0011111111 -0.0011111111 -0.0011111111,-0.01 -0.01 -0.01,-1 -1 -1,255
255,11111111,11111111,-6.1035156E-05 -6.1035156E-05 -6.1035156E-05 -6.1035156E-05,-0.0011111111 -0.0011111111 -0.0011111111,-0.01 -0.01 -0.01,-1 -1 -1,255
255,11111111,11111111,-6.1035156E-05 -6.1035156E-05 -6.1035156E-05 -6.1035156E-05,-0.0011111111 -0.0011111111 -0.0011111111,-0.01 -0.01 -0.01,-1 -1 -1,255
255,11111111,11111111,-6.1035156E-05 -6.1035156E-05 -6.1035156E-05 -6.1035156E-05,-0.0011111111 -0.0011111111 -0.0011111111,-0.01 -0.01 -0.01,-1 -1 -1,255
255,11111111,11111111,-6.1035156E-05 -6.1035156E-05 -6.1035156E-05 -6.1035156E-05,-0.0011111111 -0.0011111111 -0.0011111111,-0.01 -0.01 -0.01,-1 -1 -1,255
255,11111111,11111111,-6.1035156E-05 -6.1035156E-05 -6.1035156E-05 -6.1035156E-05,-0.0011111111 -0.0011111111 -0.0011111111,-0.01 -0.01 -0.01,-1 -1 -1,255
255,11111111,11111111,-6.1035156E-05 -6.1035156E-05 -6.1035156E-05 -6.1035156E-05,-0.0011111111 -0.0011111111 -0.0011111111,-0.01 -0.01 -0.01,-1 -1 -1,255
255,11111111,11111111,-6.1035156E-05 -6.1035156E-05 -6.1035156E-05 -6.1035156E-05,-0.0011111111 -0.0011111111 -0.0011111111,-0.01 -0.01 -0.01,-1 -1 -1,255
255,11111111,11111111,-6.1035156E-05 -6.1035156E-05 -6.1035156E-05 -6.1035156E-05,-0.0011111111 -0.0011111111 -0.0011111111,-0.01 -0.01 -0.01,-1 -1 -1,255
255,11111111,11111111,-6.1035156E-05 -6.1035156E-05 -6.1035156E-05 -6.1035156E-05,-0.0011111111 -0.0011111111 -0.0011111111,-0.01 -0.01 -0.01,-1 -1 -1,255
255,11111111,11111111,-6.1035156E-05 -6.1035156E-05 -6.1035156E-05 -6.1035156E-05,-0.0011111111 -0.0011111111 -0.0011111111,-0.01 -0.01 -0.01,-1 -1 -1,255
255,11111111,11111111,-6.1035156E-05 -6.1035156E-05 -6.1035156E-05 -6.1035156E-05,-0.0011111111 -0.0011111111 -0.0011111111,-0.01 -0.01 -0.01,-1 -1 -1,255
255,11111111,11111111,-6.1035156E-05 -6.1035156E-05 -6.1035156E-05 -6.1035156E-05,-0.0011111111 -0.0011111111 -0.0011111111,-0.01 -0.01 -0.01,-1 -1 -1,255
255,11111111,11111111,-6.1035156E-05 -6.1035156E-05 -6.1035156E-05 -6.1035156E-05,-0.0011111111 -0.0011111111 -0.0011111111,-0.01 -0.01 -0.01,-1 -1 -1,255
255,11111111,11111111,-6.1035156E-05 -6.1035156E-05 -6.1035156E-05 -6.1035156E-05,-0.0011111111 -0.0011111111 -0.0011111111,-0.01 -0.01 -0.01,-1 -1 -1,255
255,11111111,11111111,-6.1035156E-05 -6.1035156E-05 -6.1035156E-05 -6.1035156E-05,-0.0011111111 -0.0011111111 -0.0011111111,-0.01 -0.01 -0.01,-1 -1 -1,255
255,11111111,11111111,-6.1035156E-05 -6.1035156E-05 -6.1035156E-05 -6.1035156E-05,-0.0011111111 -0.0011111111 -0.0011111111,-0.01 -0.01 -0.01,-1 -1 -1,255
255,11111111,11111111,-6.1035156E-05 -6.1035156E-05 -6.1035156E-05 -6.1035156E-05,-0.0011111111 -0.0011111111 -0.0011111111,-0.01 -0.01 -0.01,-1 -1 -1,255
255,11111111,11111111,-6.1035156E-05 -6.1035156E-05 -6.1035156E-05 -6.1035156E-05,-0.0011111111 -0.0011111111 -0.0011111111,-0.01 -0.01 -0.01,-1 -1 -1,255
255,11111111,11111111,-6.1035156E-05 -6.1035156E-05 -6.1035156E-05 -6.1035156E-05,-0.0011111111 -0.0011111111 -0.0011111111,-0.01 -0.01 -0.01,-1 -1 -1,255
255,11111111,11111111,-6.1035156E-05 -6.1035156E-05 -6.1035156E-05 -6.1035156E-05,-0.0011111111 -0.0011111111 -0.0011111111,-0.01 -0.01 -0.01,-1 -1 -1,255
255,11111111,11111111,-6.1035156E-05 -6.1035156E-05 -6.1035156E-05 -6.1035156E-05,-0.0011111111 -0.0011111111 -0.0011111111,-0.01 -0.01 -0.01,-1 -1 -1,255
255,11111111,11111111,-6.1035156E-05 -6.1035156E-05 -6.1035156E-05 -6.1035156E-05,-0.0011111111 -0.0011111111 -0.0011111111,-0.01 -0.01 -0.01,-1 -1 -1,255
255,11111111,11111111,-6.1035156E-05 -6.1035156E-05 -6.1035156E-05 -6.1035156E-05,-0.0011111111 -0.0011111111 -0.0011111111,-0.01 -0.01 -0.01,-1 -1 -1,255
255,11111111,11111111,-6.1035156E-05 -6.1035156E-05 -6.1035156E-05 -6.1035156E-05,-0.0011111111 -0.0011111111 -0.0011111111,-0.01 -0.01 -0.01,-1 -1 -1,255
255,11111111,11111111,-6.1035156E-05 -6.1035156E-05 -6.1035156E-05 -6.1035156E-05,-0.0011111111 -0.0011111111 -0.0011111111,-0.01 -0.01 -0.01,-1 -1 -1,255
255,11111111,11111111,-6.1035156E-05 -6.1035156E-05 -6.1035156E-05 -6.1035156E-05,-0.0011111111 -0.0011111111 -0.0011111111,-0.01 -0.01 -0.01,-1 -1 -1,255
255,11111111,11111111,-6.1035156E-05 -6.1035156E-05 -6.1035156E-05 -6.1035156E-05,-0.0011111111 -0.0011111111 -0.0011111111,-0.01 -0.01 -0.01,-1 -1 -1,255
255,11111111,11111111,-6.1035156E-05 -6.1035156E-05 -6.1035156E-05 -6.1035156E-05,-0.0011111111 -0.0011111111 -0.0011111111,-0.01 -0.01 -0.01,-1 -1 -1,255
255,11111111,11111111,-6.1035156E-05 -6.1035156E-05 -6.1035156E-05 -6.1035156E-05,-0.0011111111 -0.0011111111 -0.0011111111,-0.01 -0.01 -0.01,-1 -1 -1,255
255,11111111,11111111,-6.1035156E-05 -6.1035156E-05 -6.1035156E-05 -6.1035156E-05,-0.0011111111 -0.0011111111 -0.0011111111,-0.01 -0.01 -0.01,-1 -1 -1,255
255,11111111,11111111,-6.1035156E-05 -6.1035156E-05 -6.1035156E-05 -6.1035156E-05,-0.0011111111 -0.0011111111 -0.0011111111,-0.01 -0.01 -0.01,-1 -1 -1,255
255,11111111,11111111,-6.1035156E-05 -6.1035156E-05 -6.1035156E-05 -6.1035156E-05,-0.0011111111 -0.0011111111 -0.0011111111,-0.01 -0.01 -0.01,-1 -1 -1,255
255,11111111,11111111,-6.1035156E-05 -6.1035156E-05 -6.1035156E-05 -6.1035156E-05,-0.0011111111 -0.0011111111 -0.0011111111,-0.01 -0.01 -0.01,-1 -1 -1,255
255,11111111,11111111,-6.1035156E-05 -6.1035156E-05 -6.1035156E-05 -6.1035156E-05,-0.0011111111 -0.0011111111 -0.0011111111,-0.01 -0.01 -0.01,-1 -1 -1,255
255,11111111,11111111,-6.1035156E-05 -6.1035156E-05 -6.1035156E-05 -6.1035156E-05,-0.0011111111 -0.0011111111 -0.0011111111,-0.01 -0.01 -0.01,-1 -1 -1,255
255,11111111,11111111,-6.1035156E-05 -6.1035156E-05 -6.1035156E-05 -6.1035156E-05,-0.0011111111 -0.0011111111 -0.0011111111,-0.01 -0.01 -0.01,-1 -1 -1,255
255,11111111,11111111,-6.1035156E-05 -6.1035156E-05 -6.1035156E-05 -6.1035156E-05,-0.0011111111 -0.0011111111 -0.0011111111,-0.01 -0.01 -0.01,-1 -1 -1,255
255,11111111,11111111,-6.1035156E-05 -6.1035156E-05 -6.1035156E-05 -6.1035156E-05,-0.0011111111 -0.0011111111 -0.0011111111,-0.01 -0.01 -0.01,-1 -1 -1,255
255,11111111,11111111,-6.1035156E-05 -6.1035156E-05 -6.1035156E-05 -6.1035156E-05,-0.0011111111 -0.0011111111 -0.0011111111,-0.01 -0.01 -0.01,-1 -1 -1,255
255,11111111,11111111,-6.1035156E-05 -6.1035156E-05 -6.1035156E-05 -6.1035156E-05,-0.0011111111 -0.0011111111 -0.0011111111,-0.01 -0.01 -0.01,-1 -1 -1,255
255,11111111,11111111,-6.1035156E-05 -6.1035156E-05 -6.1035156E-05 -6.1035156E-05,-0.0011111111 -0.0011111111 -0.0011111111,-0.01 -0.01 -0.01,-1 -1 -1,255
255,11111111,11111111,-6.1035156E-05 -6.1035156E-05 -6.1035156E-05 -6.1035156E-05,-0.0011111111 -0.0011111111 -0.0011111111,-0.01 -0.01 -0.01,-1 -1 -1,255
255,11111111,11111111,-6.1035156E-05 -6.1035156E-05 -6.1035156E-05 -6.1035156E-05,-0.0011111111 -0.0011111111 -0.0011111111,-0.01 -0.01 -0.01,-1 -1 -1,255
255,11111111,11111111,-6.1035156E-05 -6.1035156E-05 -6.1035156E-05 -6.1035156E-05,-0.0011111111 -0.0011111111 -0.0011111111,-0.01 -0.01 -0.01,-1 -1 -1,255
255,11111111,11111111,-6.1035156E-05 -6.1035156E-05 -6.1035156E-05 -6.1035156E-05,-0.0011111111 -0.0011111111 -0.0011111111,-0.01 -0.01 -0.01,-1 -1 -1,255
255,11111111,11111111,-6.1035156E-05 -6.1035156E-05 -6.1035156E-05 -6.1035156E-05,-0.0011111111 -0.0011111111 -0.0011111111,-0.01 -0.01 -0.01,-1 -1 -1,255
255,11111111,11111111,-6.1035156E-05 -6.1035156E-05 -6.1035156E-05 -6.1035156E-05,-0.0011111111 -0.0011111111 -0.0011111111,-0.01 -0.01 -0.01,-1 -1 -1,255
255,11111111,11111111,-6.1035156E-05 -6.1035156E-05 -6.1035156E-05 -6.1035156E-05,-0.0011111111 -0.0011111111 -0.0011111111,-0.01 -0.01 -0.01,-1 -1 -1,255
255,11111111,11111111,-6.1035156E-05 -6.1035156E-05 -6.1035156E-05 -6.1035156E-05,-0.0011111111 -0.0011111111 -0.0011111111,-0.01 -0.01 -0.01,-1 -1 -1,255
255,11111111,11111111,-6.1035156E-05 -6.1035156E-05 -6.1035156E-05 -6.1035156E-05,-0.0011111111 -0.0011111111 -0.0011111111,-0.01 -0.01 -0.01,-1 -1 -1,255
255,11111111,11111111,-6.1035156E-05 -6.1035156E-05 -6.1035156E-05 -6.1035156E-05,-0.0011111111 -0.0011111111 -0.0011111111,-0.01 -0.01 -0.01,-1 -1 -1,255
255,11111111,11111111,-6.1035156E-05 -6.1035156E-05 -6.1035156E-05 -6.1035156E-05,-0.0011111111 -0.0011111111 -0.0011111111,-0.01 -0.01 -0.01,-1 -1 -1,255
255,11111111,11111111,-6.1035156E-05 -6.1035156E-05 -6.1035156E-05 -6.1035156E-05,-0.0011111111 -0.0011111111 -0.0011111111,-0.01 -0.01 -0.01,-1 -1 -1,255
255,11111111,11111111,-6.1035156E-05 -6.1035156E-05 -6.1035156E-05 -6.1035156E-05,-0.0011111111 -0.0011111111 -0.0011111111,-0.01 -0.01 -0.01,-1 -1 -1,255
255,11111111,11111111,-6.1035156E-05 -6.1035156E-05 -6.1035156E-05 -6.1035156E-05,-0.0011111111 -0.0011111111 -0.0011111111,-0.01 -0.01 -0.01,-1 -1 -1,255
255,11111111,11111111,-6.1035156E-05 -6.1035156E-05 -6.1035156E-05 -6.1035156E-05,-0.0011111111 -0.0011111111 -0.0011111111,-0.01 -0.01 -0.01,-1 -1 -1,255
255,11111111,11111111,-6.1035156E-05 -6.1035156E-05 -6.1035156E-05 -6.1035156E-05,-0.0011111111 -0.0011111111 -0.0011111111,-0.01 -0.01 -0.01,-1 -1 -1,255
255,11111111,11111111,-6.1035156E-05 -6.1035156E-05 -6.1035156E-05 -6.1035156E-05,-0.0011111111 -0.0011111111 -0.0011111111,-0.01 -0.01 -0.01,-1 -1 -1,255
255,11111111,11111111,-6.1035156E-05 -6.1035156E-05 -6.1035156E-05 -6.1035156E-05,-0.0011111111 -0.0011111111 -0.0011111111,-0.01 -0.01 -0.01,-1 -1 -1,255
255,11111111,11111111,-6.1035156E-05 -6.1035156E-05 -6.1035156E-05 -6.1035156E-05,-0.0011111111 -0.0011111111 -0.0011111111,-0.01 -0.01 -0.01,-1 -1 -1,255
255,11111111,11111111,-6.1035156E-05 -6.1035156E-05 -6.1035156E-05 -6.1035156E-05,-0.0011111111 -0.0011111111 -0.0011111111,-0.01 -0.01 -0.01,-1 -1 -1,255
255,11111111,11111111,-6.1035156E-05 -6.1035156E-05 -6.1035156E-05 -6.1035156E-05,-0.0011111111 -0.0011111111 -0.0011111111,-0.01 -0.01 -0.01,-1 -1 -1,255
255,11111111,11111111,-6.1035156E-05 -6.1035156E-05 -6.1035156E-05 -6.1035156E-05,-0.0011111111 -0.0011111111 -0.0011111111,-0.01 -0.01 -0.01,-1 -1 -1,255
255,11111111,11111111,-6.1035156E-05 -6.1035156E-05 -6.1035156E-05 -6.1035156E-05,-0.0011111111 -0.0011111111 -0.0011111111,-0.01 -0.01 -0.01,-1 -1 -1,255
255,11111111,11111111,-6.1035156E-05 -6.1035156E-05 -6.1035156E-05 -6.1035156E-05,-0.0011111111 -0.0011111111 -0.0011111111,-0.01 -0.01 -0.01,-1 -1 -1,255
255,11111111,11111111,-6.1035156E-05 -6.1035156E-05 -6.1035156E-05 -6.1035156E-05,-0.0011111111 -0.0011111111 -0.0011111111,-0.01 -0.01 -0.01,-1 -1 -1,255
255,11111111,11111111,-6.1035156E-05 -6.1035156E-05 -6.1035156E-05 -6.1035156E-05,-0.0011111111 -0.0011111111 -0.0011111111,-0.01 -0.01 -0.01,-1 -1 -1,255
255,11111111,11111111,-6.1035156E-05 -6.1035156E-05 -6.1035156E-05 -6.1035156E-05,-0.0011111111 -0.0011111111 -0.0011111111,-0.01 -0.01 -0.01,-1 -1 -1,255
255,11111111,11111111,-6.1035156E-05 -6.1035156E-05 -6.1035156E-05 -6.1035156E-05,-0.0011111111 -0.0011111111 -0.0011111111,-0.01 -0.01 -0.01,-1 -1 -1,255
255,11111111,11111111,-6.1035156E-05 -6.1035156E-05 -6.1035156E-05 -6.1035156E-05,-0.0011111111 -0.0011111111 -0.0011111111,-0.01 -0.01 -0.01,-1 -1 -1,255
255,11111111,11111111,-6.1035156E-05 -6.1035156E-05 -6.1035156E-05 -6.1035156E-05,-0.0011111111 -0.0011111111 -0.0011111111,-0.01 -0.01 -0.01,-1 -1 -1,255
255,11111111,11111111,-6.1035156E-05 -6.1035156E-05 -6.1035156E-05 -6.1035156E-05,-0.0011111111 -0.0011111111 -0.0011111111,-0.01 -0.01 -0.01,-1 -1 -1,255
255,11111111,11111111,-6.1035156E-05 -6.1035156E-05 -6.1035156E-05 -6.1035156E-05,-0.0011111111 -0.0011111111 -0.0011111111,-0.01 -0.01 -0.01,-1 -1 -1,255
255,11111111,11111111,-6.1035156E-05 -6.1035156E-05 -6.1035156E-05 -6.1035156E-05,-0.0011111111 -0.0011111111 -0.0011111111,-0.01 -0.01 -0.01,-1 -1 -1,255
255,11111111,11111111,-6.1035156E-05 -6.1035156E-05 -6.1035156E-05 -6.1035156E-05,-0.0011111111 -0.0011111111 -0.0011111111,-0.01 -0.01 -0.01,-1 -1 -1,255
255,11111111,11111111,-6.1035156E-05 -6.1035156E-05 -6.1035156E-05 -6.1035156E-05,-0.0011111111 -0.0011111111 -0.0011111111,-0.01 -0.01 -0.01,-1 -1 -1,255
255,11111111,11111111,-6.1035156E-05 -6.1035156E-05 -6.1035156E-05 -6.1035156E-05,-0.0011111111 -0.0011111111 -0.0011111111,-0.01 -0.01 -0.01,-1 -1 -1,255
255,11111111,11111111,-6.1035156E-05 -6.1035156E-05 -6.1035156E-05 -6.1035156E-05,-0.0011111111 -0.0011111111 -0.0011111111,-0.01 -0.01 -0.01,-1 -1 -1,255
255,11111111,11111111,-6.1035156E-05 -6.1035156E-05 -6.1035156E-05 -6.1035156E-05,-0.0011111111 -0.0011111111 -0.0011111111,-0.01 -0.01 -0.01,-1 -1 -1,255
255,11111111,11111111,-6.1035156E-05 -6.1035156E-05 -6.1035156E-05 -6.1035156E-05,-0.0011111111 -0.0011111111 -0.0011111111,-0.01 -0.01 -0.01,-1 -1 -1,255
